Sample	MAG	MAG_ID	Kit	species	N_Windows	Total_Window_bp	Mean_Depth	Median_Depth	SD_Depth	Variance_Depth	CV_Depth	Mean_GC_Percent	Min_GC_Percent	Max_GC_Percent
R004bc2008.D10	complete.3	R004bc2008.D10_complete.3	Kura Decodifi 1x 150 ng	Enterococcus_B lactis	103	2575000	31.998155	32.050000	3.401966	11.573374	0.106318	38.332000	33.948000	42.940000
R005bc2008.D09	complete.3	R005bc2008.D09_complete.3	Takara PrimeSTAR LongSeq 1x 150 ng (Q)	Pseudomonas aeruginosa	251	6275000	21.258884	21.150000	5.041564	25.417371	0.237151	66.535554	53.580000	71.464000
R005bc2008.D09	complete.4	R005bc2008.D09_complete.4	Takara PrimeSTAR LongSeq 1x 150 ng (Q)	Klebsiella pneumoniae	214	5350000	17.686776	17.230000	2.953633	8.723946	0.166997	57.401925	44.436000	63.756000
R004bc2008.D09	complete.5	R004bc2008.D09_complete.5	Takara PrimeSTAR LongSeq 1x 150 ng	Klebsiella pneumoniae	214	5350000	18.614439	18.305000	3.423158	11.718008	0.183898	57.411869	39.584000	63.632000
R004bc2008.H09	complete.5	R004bc2008.H09_complete.5	NEB Q5 XT 1x 150 ng	Enterococcus_B lactis	103	2575000	36.573010	36.490000	3.510950	12.326770	0.095998	38.331146	33.612000	42.272000
R005bc2008.D09	complete.5	R005bc2008.D09_complete.5	Takara PrimeSTAR LongSeq 1x 150 ng (Q)	Enterococcus_B lactis	103	2575000	35.251359	34.790000	3.841963	14.760680	0.108988	38.333670	34.028000	42.628000
R004bc2008.D09	complete.6	R004bc2008.D09_complete.6	Takara PrimeSTAR LongSeq 1x 150 ng	Enterococcus_B lactis	103	2575000	39.940583	40.090000	3.917757	15.348821	0.098090	38.329786	33.564000	42.744000
R005bc2008.H09	complete.7	R005bc2008.H09_complete.7	NEB Q5 XT 1x 150 ng (Q)	Enterococcus_B lactis	103	2575000	32.065437	32.160000	3.577367	12.797556	0.111565	38.339534	33.792000	41.200000
R004bc2008.D09	metabat2.1	R004bc2008.D09_metabat2.1	Takara PrimeSTAR LongSeq 1x 150 ng	Pseudomonas aeruginosa	250	6250000	22.555760	22.525000	5.670550	32.155140	0.251401	66.526016	55.404000	71.388000
R005bc2008.D09	metabat2.1	R005bc2008.D09_metabat2.1	Takara PrimeSTAR LongSeq 1x 150 ng (Q)	Acinetobacter baumannii	158	3950000	43.782848	43.230000	8.149046	66.406950	0.186124	39.181519	34.108000	45.380000
R004bc2008.D09	metabat2.2	R004bc2008.D09_metabat2.2	Takara PrimeSTAR LongSeq 1x 150 ng	Acinetobacter baumannii	159	3975000	49.093648	48.630000	9.126935	83.300950	0.185909	39.168252	33.720000	48.640000
R004bc2008.H09	metabat2.2	R004bc2008.H09_metabat2.2	NEB Q5 XT 1x 150 ng	Acinetobacter baumannii	157	3925000	49.309299	47.670000	8.976471	80.577035	0.182044	39.177758	34.624000	48.096000
R005bc2008.H09	metabat2.2	R005bc2008.H09_metabat2.2	NEB Q5 XT 1x 150 ng (Q)	Acinetobacter baumannii	158	3950000	42.963734	42.360000	7.815990	61.089692	0.181921	39.207468	34.284000	48.144000
R004bc2008.H09	metabat2.3	R004bc2008.H09_metabat2.3	NEB Q5 XT 1x 150 ng	Klebsiella pneumoniae	207	5175000	20.213865	20.030000	3.759673	14.135140	0.185995	57.357797	44.892000	63.992000
R004bc2008.D10	metabat2.5	R004bc2008.D10_metabat2.5	Kura Decodifi 1x 150 ng	Acinetobacter baumannii	158	3950000	41.761835	40.515000	7.799932	60.838946	0.186772	39.154911	35.200000	46.836000
R005bc2008.D10	metabat2.5	R005bc2008.D10_metabat2.5	Kura Decodifi 1x 150 ng (Q)	Enterococcus_B lactis	103	2575000	27.541262	27.810000	3.047156	9.285160	0.110640	38.322058	33.856000	41.288000
R005bc2008.D10	metabat2.6	R005bc2008.D10_metabat2.6	Kura Decodifi 1x 150 ng (Q)	Acinetobacter baumannii	158	3950000	36.369367	35.610000	7.102254	50.442016	0.195281	39.173494	34.480000	47.964000
R005bc2008.D10	metabat2.8	R005bc2008.D10_metabat2.8	Kura Decodifi 1x 150 ng (Q)	Klebsiella pneumoniae	173	4325000	18.152428	18.040000	2.535005	6.426251	0.139651	57.579006	48.548000	62.852000
R004bc2008.D10	semibin2_0	R004bc2008.D10_semibin2_0	Kura Decodifi 1x 150 ng	Klebsiella pneumoniae	196	4900000	18.685255	18.390000	2.954033	8.726312	0.158094	57.386959	46.792000	64.240000
R005bc2008.H09	semibin2_0	R005bc2008.H09_semibin2_0	NEB Q5 XT 1x 150 ng (Q)	Klebsiella pneumoniae	204	5100000	19.766618	19.425000	3.168345	10.038409	0.160288	57.377529	45.892000	62.588000
R004bc2008.H09	semibin2_1	R004bc2008.H09_semibin2_1	NEB Q5 XT 1x 150 ng	Pseudomonas aeruginosa	182	4550000	20.252253	19.300000	6.945270	48.236776	0.342938	66.238242	55.576000	69.120000
R004bc2008.D10	semibin2_2	R004bc2008.D10_semibin2_2	Kura Decodifi 1x 150 ng	Pseudomonas aeruginosa	213	5325000	23.009906	23.100000	5.409317	29.260712	0.235086	66.481033	54.084000	71.292000
R005bc2008.H09	semibin2_2	R005bc2008.H09_semibin2_2	NEB Q5 XT 1x 150 ng (Q)	Pseudomonas aeruginosa	180	4500000	20.655889	20.230000	6.144349	37.753028	0.297462	66.106933	56.428000	69.008000
R005bc2008.D10	semibin2_3	R005bc2008.D10_semibin2_3	Kura Decodifi 1x 150 ng (Q)	Pseudomonas aeruginosa	209	5225000	23.517273	23.470000	5.337888	28.493045	0.226977	66.518622	53.024000	70.508000
