sample_id,filename_ID,run_id,Dorm,sample_type,input_DNA_ng,filename,number_of_reads,number_of_bases,median_read_length,mean_read_length,read_length_stdev,n50,mean_qual,median_qual,longest_read_(with_Q):1,longest_read_(with_Q):2,longest_read_(with_Q):3,longest_read_(with_Q):4,longest_read_(with_Q):5,highest_Q_read_(with_length):1,highest_Q_read_(with_length):2,highest_Q_read_(with_length):3,highest_Q_read_(with_length):4,highest_Q_read_(with_length):5,Reads >Q10:,Reads >Q15:,Reads >Q20:,Reads >Q25:,Reads >Q30:,...25,...26,Bases removed,Percentage removed
Ea.F.1.L.A,A01,R022,Earl,dorm_sample,21.75,R022bc2029.A01,199338,1127923363,5147,5658.3,2222.4,5936,29.2,39.1,28217 (24.8),25514 (23.2),25392 (25.3),25004 (25.6),24762 (20.1),40.0 (5609),40.0 (2377),40.0 (3225),40.0 (2981),40.0 (3613),199338 (100.0%) 1127.9Mb,199278 (100.0%) 1127.6Mb,193476 (97.1%) 1092.5Mb,178689 (89.6%) 998.5Mb,160984 (80.8%) 883.3Mb,,,7327616,0.645462205
Ea.F.1.H.C,A02,R022,Earl,dorm_sample,35.25,R022bc2029.A02,12516,97451663,6786,7786.2,3896.9,8641,28.3,36.9,37948 (22.1),33165 (21.3),32295 (17.9),31333 (21.6),30955 (24.5),40.0 (3269),40.0 (6085),40.0 (3870),40.0 (3568),40.0 (5201),12516 (100.0%) 97.5Mb,12511 (100.0%) 97.4Mb,12067 (96.4%) 93.2Mb,10863 (86.8%) 81.2Mb,9374 (74.9%) 66.1Mb,,,238951,0.244599752
Te.F.1.L.A,A03,R022,Teal,dorm_sample,18,R022bc2029.A03,134349,695969524,4760,5180.3,1917,5381,29.4,39.4,25675 (19.3),25302 (27.9),23086 (19.9),22657 (23.6),22407 (25.3),40.0 (4530),40.0 (3582),40.0 (3056),40.0 (4023),40.0 (4277),134349 (100.0%) 696.0Mb,134301 (100.0%) 695.7Mb,130544 (97.2%) 674.8Mb,121209 (90.2%) 621.7Mb,110197 (82.0%) 558.7Mb,,,21464,0.003083948
Te.F.1.H.A,A04,R022,Teal,dorm_sample,72,R022bc2029.A04,337,2584276,6301,7668.5,4397.4,8589,27.9,36.8,26348 (23.2),25625 (26.3),24761 (24.4),22486 (19.3),22304 (22.9),40.0 (3196),40.0 (3280),40.0 (2670),40.0 (5927),40.0 (4324),337 (100.0%) 2.6Mb,337 (100.0%) 2.6Mb,325 (96.4%) 2.5Mb,288 (85.5%) 2.1Mb,238 (70.6%) 1.6Mb,,,7756,0.299224701
Te.F.3.H.C,A05,R022,Teal,dorm_sample,33,R022bc2029.A05,30519,234367423,6748,7679.4,3799.6,8465,28.3,37.2,38511 (20.2),37605 (21.5),36033 (19.8),33434 (21.6),33235 (20.3),40.0 (3718),40.0 (7192),40.0 (6055),40.0 (5169),40.0 (6208),30519 (100.0%) 234.4Mb,30506 (100.0%) 234.3Mb,29486 (96.6%) 225.0Mb,26561 (87.0%) 196.6Mb,22997 (75.4%) 162.1Mb,,,99686,0.042515985
Co.F.3.H.B,A06,R022,Collins,dorm_sample,55.5,R022bc2029.A06,138244,957805226,6109,6928.4,3258.1,7512,28.5,37.5,37835 (17.0),37047 (20.0),35347 (17.8),34386 (22.9),34222 (23.5),40.0 (4074),40.0 (3319),40.0 (3890),40.0 (6137),40.0 (3320),138244 (100.0%) 957.8Mb,138200 (100.0%) 957.5Mb,133469 (96.5%) 919.5Mb,121204 (87.7%) 814.1Mb,106235 (76.8%) 685.6Mb,,,100789,0.010521805
He.F.2.L.A,A07,R022,Heritage,dorm_sample,46.5,R022bc2029.A07,4313,32897297,6653,7627.5,3904.7,8308,28.2,36.9,33130 (19.7),31207 (16.3),29976 (21.7),29781 (22.5),28855 (24.8),40.0 (4924),40.0 (4556),40.0 (4403),40.0 (2291),40.0 (6213),4313 (100.0%) 32.9Mb,4312 (100.0%) 32.9Mb,4158 (96.4%) 31.4Mb,3762 (87.2%) 27.4Mb,3229 (74.9%) 22.2Mb,,,4643,0.01411163
Ea.F.1.L.B,B01,R022,Earl,dorm_sample,104.25,R022bc2029.B01,373234,2667630040,6309,7147.3,3367.7,7760,28.5,37.6,43787 (19.8),40155 (20.0),38306 (17.4),38176 (19.2),37626 (20.9),40.0 (4585),40.0 (2739),40.0 (5310),40.0 (5289),40.0 (5017),373234 (100.0%) 2667.6Mb,373105 (100.0%) 2666.5Mb,360870 (96.7%) 2565.4Mb,327721 (87.8%) 2272.7Mb,287193 (76.9%) 1912.4Mb,,,684321,0.025646191
Ea.F.2.H.A,B02,R022,Earl,dorm_sample,36,R022bc2029.B02,216194,1269251490,5304,5870.9,2395,6192,29.1,39,34459 (20.6),29031 (22.3),28417 (18.7),26706 (21.8),26554 (27.6),40.0 (4085),40.0 (2567),40.0 (4492),40.0 (4745),40.0 (4764),216194 (100.0%) 1269.3Mb,216126 (100.0%) 1268.8Mb,209655 (97.0%) 1227.5Mb,193543 (89.5%) 1119.3Mb,174026 (80.5%) 986.3Mb,,,75111421,5.58713874
Te.F.2.L.A,B03,R022,Teal,dorm_sample,68.25,R022bc2029.B03,204868,1471236405,6268,7181.4,3509.2,7834,28.5,37.6,43079 (19.5),42998 (16.8),42101 (19.6),40679 (21.6),39790 (17.7),40.0 (4877),40.0 (4913),40.0 (5378),40.0 (2822),40.0 (4500),204868 (100.0%) 1471.2Mb,204805 (100.0%) 1470.8Mb,197989 (96.6%) 1413.9Mb,179622 (87.7%) 1247.9Mb,157279 (76.8%) 1047.1Mb,,,1221533,0.08295877
Te.F.1.H.B,B04,R022,Teal,dorm_sample,19.5,R022bc2029.B04,15300,85420247,5088,5583,2198.4,5846,29,39,26645 (20.5),22045 (26.1),20992 (24.9),20559 (26.9),20032 (29.3),40.0 (3797),40.0 (3760),40.0 (5114),40.0 (4454),40.0 (3865),15300 (100.0%) 85.4Mb,15292 (99.9%) 85.4Mb,14825 (96.9%) 82.6Mb,13667 (89.3%) 75.3Mb,12230 (79.9%) 66.1Mb,,,21880,0.025607977
SR.F.1.H.A,B05,R022,SoRo,dorm_sample,3.96,R022bc2029.B05,394,1266283,2917.5,3213.9,2502.9,3771,29.2,40,26779 (22.7),14124 (37.5),13104 (35.4),12636 (21.7),12493 (20.3),40.0 (2962),40.0 (627),40.0 (4433),40.0 (5324),40.0 (2636),394 (100.0%) 1.3Mb,394 (100.0%) 1.3Mb,382 (97.0%) 1.2Mb,352 (89.3%) 1.1Mb,324 (82.2%) 1.0Mb,,,0,0
Co.F.4.H.C,B06,R022,Collins,dorm_sample,7.02,R022bc2029.B06,9527,44329200,4343,4653,1662.1,4816,29.5,39.8,21318 (22.4),16283 (26.3),16006 (31.5),15525 (32.2),15195 (20.4),40.0 (3519),40.0 (3968),40.0 (3774),40.0 (2737),40.0 (3052),9527 (100.0%) 44.3Mb,9525 (100.0%) 44.3Mb,9246 (97.1%) 43.0Mb,8623 (90.5%) 39.9Mb,7913 (83.1%) 36.3Mb,,,29043,0.065473738
He.F.3.L.B,B07,R022,Heritage,dorm_sample,102.75,R022bc2029.B07,469149,2989396081,5692,6372,2768.5,6768,28.9,38.6,33914 (18.5),32788 (23.0),32681 (22.6),32470 (16.1),32443 (22.5),40.0 (3361),40.0 (3557),40.0 (4699),40.0 (2347),40.0 (2707),469149 (100.0%) 2989.4Mb,468996 (100.0%) 2988.4Mb,454423 (96.9%) 2884.9Mb,417186 (88.9%) 2605.1Mb,372376 (79.4%) 2264.9Mb,,,1822769,0.060937333
Ea.F.2.L.A,C01,R022,Earl,dorm_sample,101.25,R022bc2029.C01,387627,2288094151,5317,5902.8,2440.9,6204,29,38.9,33315 (18.7),33161 (21.4),31714 (25.7),31229 (17.5),30870 (23.2),40.0 (4411),40.0 (1812),40.0 (5894),40.0 (2578),40.0 (3212),387627 (100.0%) 2288.1Mb,387494 (100.0%) 2287.2Mb,375884 (97.0%) 2211.8Mb,346300 (89.3%) 2010.5Mb,310595 (80.1%) 1766.2Mb,,,150677,0.006584829
Ea.F.2.H.B,C02,R022,Earl,dorm_sample,8.175,R022bc2029.C02,43214,208260418,4501,4819.3,1619.5,4972,29.5,39.7,22558 (28.0),18235 (33.5),18094 (32.8),17793 (27.4),17320 (29.8),40.0 (4621),40.0 (4254),40.0 (3416),40.0 (2773),40.0 (3815),43214 (100.0%) 208.3Mb,43204 (100.0%) 208.2Mb,41996 (97.2%) 202.1Mb,39094 (90.5%) 187.0Mb,35727 (82.7%) 169.4Mb,,,7759,0.003725485
Te.F.2.L.B,C03,R022,Teal,dorm_sample,27.75,R022bc2029.C03,132728,676662916,4666,5098.1,1947.7,5278,29.4,39.5,27338 (24.6),25377 (24.3),24637 (22.2),24020 (25.4),23285 (26.0),40.0 (3781),40.0 (3620),40.0 (3584),40.0 (4397),40.0 (3283),132728 (100.0%) 676.7Mb,132687 (100.0%) 676.4Mb,128984 (97.2%) 656.3Mb,119805 (90.3%) 604.6Mb,108990 (82.1%) 543.2Mb,,,51135,0.007556367
Te.F.1.H.C,C04,R022,Teal,dorm_sample,40.5,R022bc2029.C04,118441,702191060,5335,5928.6,2486.4,6253,29.1,38.9,29801 (21.2),28701 (20.4),28692 (26.4),28236 (24.5),27945 (25.1),40.0 (3615),40.0 (3428),40.0 (5414),40.0 (3079),40.0 (4593),118441 (100.0%) 702.2Mb,118402 (100.0%) 702.0Mb,114874 (97.0%) 679.3Mb,105862 (89.4%) 618.1Mb,94905 (80.1%) 541.6Mb,,,27538,0.003921571
SR.F.2.H.B,C05,R022,SoRo,dorm_sample,67.5,R022bc2029.C05,56988,405885667,6244,7122.3,3432.2,7762,28.6,37.6,36767 (21.1),36641 (24.3),35451 (22.1),35361 (20.7),33355 (21.7),40.0 (2913),40.0 (4735),40.0 (5686),40.0 (3434),40.0 (3981),56988 (100.0%) 405.9Mb,56970 (100.0%) 405.8Mb,55125 (96.7%) 390.5Mb,50074 (87.9%) 345.7Mb,43963 (77.1%) 291.4Mb,,,8231,0.00202787
Da.F.2.L.A,C06,R022,Dawson,dorm_sample,1.44,R022bc2029.C06,840,3258175,3829.5,3878.8,1458.9,4177,30.1,39.9,13480 (32.4),12439 (34.8),10446 (35.0),9262 (39.8),9121 (36.7),40.0 (3293),40.0 (4033),40.0 (3525),40.0 (3225),40.0 (3844),840 (100.0%) 3.3Mb,840 (100.0%) 3.3Mb,820 (97.6%) 3.2Mb,774 (92.1%) 3.0Mb,704 (83.8%) 2.7Mb,,,0,0
He.F.4.L.C,C07,R022,Heritage,dorm_sample,0.657,R022bc2029.C07,1402,5921203,4007,4223.4,1352.3,4322,29.6,39.9,14354 (26.3),14161 (20.4),10789 (31.8),10360 (38.6),10317 (32.1),40.0 (3495),40.0 (4157),40.0 (3940),40.0 (4742),40.0 (4241),1402 (100.0%) 5.9Mb,1402 (100.0%) 5.9Mb,1365 (97.4%) 5.8Mb,1271 (90.7%) 5.3Mb,1155 (82.4%) 4.8Mb,,,0,0
Ea.F.3.L.A,D01,R022,Earl,dorm_sample,31.5,R022bc2029.D01,130792,752269265,5170,5751.6,2399.8,6060,29.1,39,32472 (22.2),29701 (18.9),29473 (23.8),28412 (20.4),27549 (20.5),40.0 (3923),40.0 (3788),40.0 (1974),40.0 (3294),40.0 (3543),130792 (100.0%) 752.3Mb,130751 (100.0%) 752.0Mb,126833 (97.0%) 727.4Mb,117026 (89.5%) 662.8Mb,105303 (80.5%) 584.4Mb,,,311621,0.041406978
Ea.F.2.H.C,D02,R022,Earl,dorm_sample,39,R022bc2029.D02,64401,490593369,6553,7617.8,3970.2,8459,28.2,37,40164 (19.2),38932 (19.9),37517 (21.1),36988 (23.4),36538 (20.4),40.0 (2448),40.0 (5256),40.0 (3317),40.0 (4484),40.0 (7105),64401 (100.0%) 490.6Mb,64371 (100.0%) 490.3Mb,62141 (96.5%) 470.1Mb,55726 (86.5%) 405.6Mb,48236 (74.9%) 331.5Mb,,,295784,0.060254743
Te.F.2.L.C,D03,R022,Teal,dorm_sample,135.75,R022bc2029.D03,247,2034707,7380,8237.7,4585.1,9234,28.6,35.9,32114 (22.3),30915 (21.1),30416 (24.5),25565 (23.4),24832 (29.2),40.0 (5063),40.0 (4977),40.0 (5803),40.0 (4974),40.0 (5374),247 (100.0%) 2.0Mb,247 (100.0%) 2.0Mb,241 (97.6%) 2.0Mb,216 (87.4%) 1.7Mb,184 (74.5%) 1.4Mb,,,33963,1.641779501
Te.F.2.H.A,D04,R022,Teal,dorm_sample,60,R022bc2029.D04,1824,13432598,6430,7364.4,3599.2,8085,28.3,36.8,27220 (22.8),26118 (23.2),25854 (21.9),25195 (20.5),24140 (20.1),40.0 (3772),40.0 (4797),40.0 (3211),40.0 (4576),40.0 (4713),1824 (100.0%) 13.4Mb,1824 (100.0%) 13.4Mb,1765 (96.8%) 12.9Mb,1589 (87.1%) 11.3Mb,1353 (74.2%) 9.1Mb,,,0,0
SR.F.3.H.C,D05,R022,SoRo,dorm_sample,55.5,R022bc2029.D05,94513,584538646,5552,6184.7,2634.2,6567,28.9,38.7,28407 (20.7),28270 (19.9),28099 (26.4),28031 (20.3),27857 (21.2),40.0 (4635),40.0 (4225),40.0 (4569),40.0 (5133),40.0 (3851),94513 (100.0%) 584.5Mb,94477 (100.0%) 584.3Mb,91659 (97.0%) 565.3Mb,84230 (89.1%) 511.9Mb,75118 (79.5%) 445.4Mb,,,46486,0.007951964
Da.F.3.L.B,D06,R022,Dawson,dorm_sample,15.75,R022bc2029.D06,58569,295263977,4682,5041.3,1760.6,5221,29.4,39.4,23414 (26.6),21566 (18.8),20821 (25.2),20389 (22.8),20279 (27.5),40.0 (3702),40.0 (4344),40.0 (4988),40.0 (1887),40.0 (3823),58569 (100.0%) 295.3Mb,58547 (100.0%) 295.1Mb,56852 (97.1%) 286.3Mb,52939 (90.4%) 264.9Mb,48244 (82.4%) 238.9Mb,,,22826,0.007730112
Pe.F.2.H.A,D07,R022,Penland,dorm_sample,276,R022bc2029.D07,72450,567728238,6768,7836.1,4069.2,8653,28.2,37,46113 (17.3),43806 (20.8),42769 (21.2),41969 (20.1),41129 (19.4),40.0 (5824),40.0 (4435),40.0 (4576),40.0 (4901),40.0 (3429),72450 (100.0%) 567.7Mb,72427 (100.0%) 567.6Mb,69778 (96.3%) 542.1Mb,62698 (86.5%) 468.6Mb,54125 (74.7%) 382.2Mb,,,44005,0.007750467
Ea.F.3.L.B,E01,R022,Earl,dorm_sample,59.25,R022bc2029.E01,224724,1597938670,6266,7110.7,3366.3,7728,28.5,37.5,40640 (18.7),38790 (21.8),38086 (21.1),35770 (18.7),35472 (19.3),40.0 (4552),40.0 (4487),40.0 (515),40.0 (4721),40.0 (5262),224724 (100.0%) 1597.9Mb,224658 (100.0%) 1597.5Mb,217097 (96.6%) 1535.7Mb,196658 (87.5%) 1355.3Mb,171925 (76.5%) 1136.7Mb,,,111014601,6.496058311
Ea.F.3.H.A,E02,R022,Earl,dorm_sample,11.1,R022bc2029.E02,67358,323447705,4479,4801.9,1665.7,4960,29.6,39.7,27839 (21.7),27618 (22.2),19434 (34.1),19200 (30.8),19191 (25.8),40.0 (3507),40.0 (3495),40.0 (4584),40.0 (3767),40.0 (4507),67358 (100.0%) 323.4Mb,67330 (100.0%) 323.3Mb,65498 (97.2%) 314.0Mb,61036 (90.6%) 290.8Mb,55977 (83.1%) 264.6Mb,,,13178,0.004074063
Te.F.3.L.A,E03,R022,Teal,dorm_sample,102.75,R022bc2029.E03,5511,45450645,7064,8247.3,4384.9,9298,28.1,36.7,38641 (20.6),37512 (22.9),35733 (22.1),35668 (22.1),33366 (17.7),40.0 (3835),40.0 (3086),40.0 (6710),40.0 (4008),40.0 (5904),5511 (100.0%) 45.5Mb,5509 (100.0%) 45.4Mb,5306 (96.3%) 43.2Mb,4742 (86.0%) 37.1Mb,4035 (73.2%) 29.5Mb,,,19629,0.043168862
Te.F.2.H.B,E04,R022,Teal,dorm_sample,18,R022bc2029.E04,5159,23934387,4346,4639.3,1639.3,4801,29.6,39.8,14446 (35.9),14367 (21.7),13622 (30.5),13544 (20.4),13130 (20.1),40.0 (4006),40.0 (2624),40.0 (4249),40.0 (4692),40.0 (3624),5159 (100.0%) 23.9Mb,5157 (100.0%) 23.9Mb,5020 (97.3%) 23.3Mb,4697 (91.0%) 21.6Mb,4256 (82.5%) 19.4Mb,,,4977,0.020790026
NR.F.1.H.A,E05,R022,NoRo,dorm_sample,42,R022bc2029.E05,91723,507760913,5057,5535.8,2130.3,5783,29.2,39.1,26309 (20.2),24541 (20.2),24470 (20.6),22009 (24.2),21499 (24.2),40.0 (5036),40.0 (3402),40.0 (4304),40.0 (4302),40.0 (4894),91723 (100.0%) 507.8Mb,91688 (100.0%) 507.6Mb,89039 (97.1%) 491.9Mb,82196 (89.6%) 449.6Mb,74199 (80.9%) 399.8Mb,,,34970,0.006886625
Da.F.4.L.C,E06,R022,Dawson,dorm_sample,18.75,R022bc2029.E06,214346,1318003370,5506,6149,2635.5,6516,28.9,38.6,35498 (19.1),32250 (21.1),29753 (16.9),29526 (22.9),29504 (22.8),40.0 (2838),40.0 (4409),40.0 (3886),40.0 (4313),40.0 (3310),214346 (100.0%) 1318.0Mb,214283 (100.0%) 1317.6Mb,207618 (96.9%) 1272.4Mb,190587 (88.9%) 1149.6Mb,169708 (79.2%) 997.7Mb,,,200961,0.015245057
Pe.F.3.H.B,E07,R022,Penland,dorm_sample,163.5,R022bc2029.E07,25596,195460439,6562,7636.4,3962.4,8565,28,36.5,34800 (21.7),33913 (19.4),32411 (24.4),31488 (23.4),31026 (18.1),40.0 (2165),40.0 (3985),40.0 (3417),40.0 (5475),40.0 (5736),25596 (100.0%) 195.5Mb,25591 (100.0%) 195.4Mb,24639 (96.3%) 186.3Mb,21968 (85.8%) 159.2Mb,18730 (73.2%) 127.1Mb,,,141008,0.072089446
Ea.F.3.L.C,F01,R022,Earl,dorm_sample,55.5,R022bc2029.F01,406934,2867664149,6196,7047,3365,7687,28.6,37.7,40772 (17.6),39264 (21.0),38664 (21.2),38612 (18.7),37917 (19.6),40.0 (4532),40.0 (3860),40.0 (2556),40.0 (5537),40.0 (3654),406934 (100.0%) 2867.7Mb,406800 (100.0%) 2866.6Mb,393543 (96.7%) 2758.9Mb,357598 (87.9%) 2445.3Mb,313836 (77.1%) 2061.9Mb,,,2695321,0.093901862
Ea.F.3.H.B,F02,R022,Earl,dorm_sample,39,R022bc2029.F02,331884,2046022169,5531,6164.9,2631.2,6563,29.1,38.8,32985 (21.4),32474 (23.4),31282 (19.5),30824 (21.0),30336 (24.2),40.0 (2864),40.0 (4318),40.0 (4297),40.0 (3846),40.0 (3361),331884 (100.0%) 2046.0Mb,331782 (100.0%) 2045.4Mb,321821 (97.0%) 1978.0Mb,296701 (89.4%) 1798.4Mb,266175 (80.2%) 1577.8Mb,,,317487,0.015514873
Te.F.3.L.B,F03,R022,Teal,dorm_sample,9,R022bc2029.F03,65048,426765098,5806,6560.8,3002.9,7004,28.7,38.2,32196 (22.1),31526 (23.4),31262 (24.0),30838 (22.9),30109 (21.2),40.0 (4476),40.0 (3330),40.0 (3949),40.0 (3089),40.0 (4585),65048 (100.0%) 426.8Mb,65021 (100.0%) 426.6Mb,62957 (96.8%) 411.5Mb,57566 (88.5%) 368.6Mb,50993 (78.4%) 315.9Mb,,,18864,0.004420035
Te.F.2.H.C,F04,R022,Teal,dorm_sample,63.75,R022bc2029.F04,2465,21481586,7510,8714.6,4548.8,10050,27.8,35.9,40192 (20.8),31320 (21.6),30680 (23.4),29399 (17.4),28246 (24.2),40.0 (4438),40.0 (2500),40.0 (4473),40.0 (5143),40.0 (3248),2465 (100.0%) 21.5Mb,2464 (100.0%) 21.5Mb,2367 (96.0%) 20.4Mb,2104 (85.4%) 17.3Mb,1781 (72.3%) 13.7Mb,,,12688,0.059029675
NR.F.2.H.B,F05,R022,NoRo,dorm_sample,2.4,R022bc2029.F05,407,1257583,2866,3089.9,2217.2,3622,29,40,25634 (19.3),17728 (24.6),11210 (37.7),11067 (38.1),10519 (27.7),40.0 (3353),40.0 (2101),40.0 (3622),40.0 (3411),40.0 (2425),407 (100.0%) 1.3Mb,406 (99.8%) 1.3Mb,392 (96.3%) 1.2Mb,366 (89.9%) 1.1Mb,343 (84.3%) 1.0Mb,,,0,0
Me.F.2.L.A,F06,R022,Memorial,dorm_sample,45,R022bc2029.F06,197730,1350149450,6036,6828.2,3140.8,7340,28.6,37.7,36775 (18.2),36633 (21.7),35693 (22.7),34958 (18.9),34100 (24.3),40.0 (3565),40.0 (4952),40.0 (3923),40.0 (3740),40.0 (3553),197730 (100.0%) 1350.1Mb,197680 (100.0%) 1349.8Mb,191218 (96.7%) 1300.3Mb,174129 (88.1%) 1158.3Mb,153174 (77.5%) 982.4Mb,,,335840,0.024868098
Pe.F.4.H.C,F07,R022,Penland,dorm_sample,14.1,R022bc2029.F07,70367,331121995,4368,4705.6,1653,4837,29.6,39.8,22060 (29.5),19345 (21.1),19325 (26.8),19104 (22.1),18497 (25.4),40.0 (3747),40.0 (5096),40.0 (1959),40.0 (4095),40.0 (5612),70367 (100.0%) 331.1Mb,70347 (100.0%) 331.0Mb,68390 (97.2%) 321.4Mb,63912 (90.8%) 298.5Mb,58540 (83.2%) 271.1Mb,,,122233,0.036901171
Ea.F.1.H.A,G01,R022,Earl,dorm_sample,21.75,R022bc2029.G01,91319,568988707,5486,6230.8,2891.6,6660,28.9,38.7,44894 (19.5),33370 (16.1),31430 (22.3),30372 (20.3),30346 (21.8),40.0 (3599),40.0 (4227),40.0 (3660),40.0 (2787),40.0 (4723),91319 (100.0%) 569.0Mb,91297 (100.0%) 568.9Mb,88486 (96.9%) 549.1Mb,81207 (88.9%) 493.8Mb,72408 (79.3%) 427.5Mb,,,84903,0.014919511
Ea.F.3.H.C,G02,R022,Earl,dorm_sample,1.8225,R022bc2029.G02,677,2351138,3390,3472.9,1533.7,3748,29.6,40,17898 (31.0),14635 (26.7),13440 (30.0),10886 (26.6),9399 (37.5),40.0 (2275),40.0 (2501),40.0 (3511),40.0 (3125),40.0 (4035),677 (100.0%) 2.4Mb,677 (100.0%) 2.4Mb,653 (96.5%) 2.3Mb,617 (91.1%) 2.1Mb,564 (83.3%) 1.9Mb,,,0,0
Te.M.2.H.A,G03,R022,Teal,dorm_sample,48,R022bc2029.G03,479109,3104666470,5795,6480.1,2825.8,6914,28.8,38.2,34257 (16.3),33795 (18.3),33558 (16.7),32839 (20.8),31846 (17.2),40.0 (4467),40.0 (2693),40.0 (4797),40.0 (6103),40.0 (3675),479109 (100.0%) 3104.7Mb,478964 (100.0%) 3103.7Mb,463724 (96.8%) 2993.8Mb,424120 (88.5%) 2689.5Mb,375455 (78.4%) 2310.6Mb,,,751605,0.024203021
Te.F.3.H.A,G04,R022,Teal,dorm_sample,10.2,R022bc2029.G04,15350,77972200,4690,5079.6,1871.1,5260,29.2,39.5,20179 (31.0),19482 (26.7),18062 (19.6),17874 (27.1),17849 (28.5),40.0 (4397),40.0 (5040),40.0 (4080),40.0 (3428),40.0 (3379),15350 (100.0%) 78.0Mb,15346 (100.0%) 78.0Mb,14890 (97.0%) 75.5Mb,13806 (89.9%) 69.4Mb,12496 (81.4%) 62.0Mb,,,0,0
NR.F.3.H.C,G05,R022,NoRo,dorm_sample,16.5,R022bc2029.G05,47367,232344592,4541,4905.2,1740.8,5066,29.4,39.7,20847 (20.1),20319 (26.3),19926 (26.8),19807 (28.6),19396 (20.3),40.0 (4216),40.0 (3097),40.0 (3722),40.0 (2831),40.0 (3972),47367 (100.0%) 232.3Mb,47354 (100.0%) 232.3Mb,45952 (97.0%) 225.1Mb,42837 (90.4%) 208.5Mb,39120 (82.6%) 188.6Mb,,,36596,0.015748263
Me.F.3.L.B,G06,R022,Memorial,dorm_sample,95.25,R022bc2029.G06,852495,5726259598,5892,6717.1,3182.2,7243,28.7,38.1,42857 (18.6),42672 (18.9),41344 (19.2),41299 (19.4),40925 (21.9),40.0 (6256),40.0 (4558),40.0 (5592),40.0 (2665),40.0 (2900),852495 (100.0%) 5726.3Mb,852215 (100.0%) 5724.2Mb,825220 (96.8%) 5518.5Mb,753955 (88.4%) 4930.6Mb,666844 (78.2%) 4209.4Mb,,,288250,0.005033574
1_Parracocus,G07,R022,Not applicable,control,45,R022bc2029.G07,190649,1202942156,5597,6309.7,2815.2,6700,28.6,37.5,37424 (21.8),34615 (24.8),34163 (21.0),33958 (22.3),32442 (21.8),40.0 (3468),40.0 (5697),40.0 (3352),40.0 (4003),40.0 (3658),190649 (100.0%) 1202.9Mb,190596 (100.0%) 1202.6Mb,184323 (96.7%) 1158.3Mb,168011 (88.1%) 1036.8Mb,147893 (77.6%) 885.1Mb,,,51040,0.004242751
Ea.F.1.H.B,H01,R022,Earl,dorm_sample,69.75,R022bc2029.H01,521070,3916130389,6477,7515.6,3893.4,8349,28.3,37.2,44816 (20.2),42981 (17.1),42664 (19.9),42170 (20.2),41865 (19.4),40.0 (3780),40.0 (6725),40.0 (6314),40.0 (3448),40.0 (3538),521070 (100.0%) 3916.1Mb,520884 (100.0%) 3914.6Mb,502888 (96.5%) 3752.7Mb,453900 (87.1%) 3271.1Mb,393574 (75.5%) 2689.0Mb,,,2003951,0.051145541
Te.M.1.L.A,H02,R022,Teal,dorm_sample,90,R022bc2029.H02,1015106,7782389376,6684,7666.6,3827.9,8451,28.2,37,48386 (18.1),47160 (16.7),46523 (19.5),45322 (21.9),42477 (17.9),40.0 (3458),40.0 (4097),40.0 (4339),40.0 (3880),40.0 (6618),1015106 (100.0%) 7782.4Mb,1014769 (100.0%) 7779.6Mb,978529 (96.4%) 7445.9Mb,878536 (86.5%) 6451.9Mb,757364 (74.6%) 5267.9Mb,,,1356500,0.017427342
Te.M.2.H.B,H03,R022,Teal,dorm_sample,156,R022bc2029.H03,77007,654889734,7395,8504.3,4385.7,9563,27.8,36.1,43995 (20.1),41882 (18.5),39961 (19.4),37902 (18.8),37355 (19.7),40.0 (3683),40.0 (3486),40.0 (2886),40.0 (2689),40.0 (4452),77007 (100.0%) 654.9Mb,76982 (100.0%) 654.6Mb,74050 (96.2%) 623.6Mb,65598 (85.2%) 526.9Mb,55330 (71.9%) 414.7Mb,,,14850,0.002267506
Te.F.3.H.B,H04,R022,Teal,dorm_sample,18.75,R022bc2029.H04,6500,44550389,6075,6853.9,3180.4,7340,28.7,38,32183 (24.5),29442 (20.9),27981 (21.7),27927 (22.8),26703 (20.8),40.0 (5574),40.0 (4232),40.0 (3548),40.0 (5963),40.0 (6114),6500 (100.0%) 44.6Mb,6498 (100.0%) 44.5Mb,6287 (96.7%) 42.9Mb,5716 (87.9%) 38.1Mb,5022 (77.3%) 32.2Mb,,,5690,0.012770424
Co.F.2.H.A,H05,R022,Collins,dorm_sample,31.5,R022bc2029.H05,135053,784053515,5221,5805.5,2439,6091,29.1,39,38891 (23.2),33463 (20.1),31617 (24.0),30320 (18.8),29148 (23.0),40.0 (3494),40.0 (2692),40.0 (5010),40.0 (3206),40.0 (4821),135053 (100.0%) 784.1Mb,135015 (100.0%) 783.8Mb,131032 (97.0%) 758.4Mb,120963 (89.6%) 690.9Mb,109012 (80.7%) 609.7Mb,,,48079,0.006131731
Me.F.4.L.C,H06,R022,Memorial,dorm_sample,45,R022bc2029.H06,421736,2777950669,5786,6586.9,3099.4,7071,28.8,38.2,42984 (19.6),41141 (19.5),39761 (21.8),38629 (19.6),38571 (22.1),40.0 (4345),40.0 (3873),40.0 (4194),40.0 (2220),40.0 (5632),421736 (100.0%) 2778.0Mb,421598 (100.0%) 2777.0Mb,408233 (96.8%) 2676.5Mb,373164 (88.5%) 2393.7Mb,330603 (78.4%) 2048.5Mb,,,256173,0.009220804
2_Bacillus,H07,R022,Not applicable,control,46.5,R022bc2029.H07,269381,1550210651,5210,5754.7,2283.7,6034,29.8,39.4,28079 (22.2),27801 (21.6),27279 (22.8),27245 (21.1),26565 (21.4),40.0 (2759),40.0 (4400),40.0 (3447),40.0 (3070),40.0 (3477),269381 (100.0%) 1550.2Mb,269309 (100.0%) 1549.8Mb,262491 (97.4%) 1508.2Mb,245480 (91.1%) 1399.8Mb,225178 (83.6%) 1269.2Mb,,,83137,0.005362661
Ea.F.1.L.A,A01,R024,Earl,dorm_sample,21.75,R024bc2029.A01,152555,875109683,5221,5736.4,2201.6,5960,28.8,39.1,29690 (21.3),27105 (26.8),26682 (27.3),25863 (25.6),25650 (25.3),40.0 (3043),40.0 (5483),40.0 (5645),40.0 (6057),40.0 (3869),152555 (100.0%) 875.1Mb,152500 (100.0%) 874.8Mb,147301 (96.6%) 842.2Mb,135361 (88.7%) 765.0Mb,121703 (79.8%) 677.0Mb,,,5246235,0.595922046
Ea.F.1.H.C,A02,R024,Earl,dorm_sample,35.25,R024bc2029.A02,9659,76507063,6849,7920.8,4071.3,8622,27.7,37,37868 (19.9),37278 (21.6),36859 (20.4),36153 (22.5),33849 (21.2),40.0 (6556),40.0 (4527),40.0 (4042),40.0 (6238),40.0 (4272),9659 (100.0%) 76.5Mb,9651 (99.9%) 76.4Mb,9212 (95.4%) 72.2Mb,8288 (85.8%) 62.5Mb,7085 (73.4%) 50.7Mb,,,169884,0.221558117
Te.F.1.L.A,A03,R024,Teal,dorm_sample,18,R024bc2029.A03,101006,534656882,4880,5293.3,1897.6,5465,29,39.4,25520 (24.9),24887 (22.5),23042 (27.0),22954 (29.5),22492 (29.9),40.0 (5445),40.0 (4194),40.0 (4129),40.0 (3607),40.0 (4441),101006 (100.0%) 534.7Mb,100962 (100.0%) 534.4Mb,97643 (96.7%) 515.7Mb,90311 (89.4%) 473.0Mb,81798 (81.0%) 423.3Mb,,,22320,0.004174466
Te.F.1.H.A,A04,R024,Teal,dorm_sample,72,R024bc2029.A04,278,2202032,6416,7921,4709.5,8746,27.8,36.2,30252 (20.1),27728 (20.3),26624 (24.0),26231 (26.8),25205 (28.8),40.0 (3715),40.0 (4758),40.0 (4861),40.0 (4301),40.0 (5329),278 (100.0%) 2.2Mb,278 (100.0%) 2.2Mb,268 (96.4%) 2.1Mb,240 (86.3%) 1.8Mb,209 (75.2%) 1.5Mb,,,0,0
Te.F.3.H.C,A05,R024,Teal,dorm_sample,33,R024bc2029.A05,23564,185627484,6837,7877.6,3932.9,8637,27.9,37.1,39852 (21.1),34975 (19.4),34903 (21.9),34887 (18.8),33988 (26.4),40.0 (3661),40.0 (4474),40.0 (5396),40.0 (5791),40.0 (8411),23564 (100.0%) 185.6Mb,23552 (99.9%) 185.5Mb,22595 (95.9%) 176.7Mb,20178 (85.6%) 152.3Mb,17424 (73.9%) 125.5Mb,,,22585,0.01216536
Co.F.3.H.B,A06,R024,Collins,dorm_sample,55.5,R024bc2029.A06,105661,739881064,6161,7002.4,3281.4,7509,28.1,37.6,39790 (20.2),37879 (17.4),37282 (21.7),36266 (20.0),36190 (16.8),40.0 (4657),40.0 (3346),40.0 (4462),40.0 (5756),40.0 (3697),105661 (100.0%) 739.9Mb,105622 (100.0%) 739.6Mb,101403 (96.0%) 704.5Mb,91525 (86.6%) 620.5Mb,80096 (75.8%) 522.4Mb,,,86030,0.011626193
He.F.2.L.A,A07,R024,Heritage,dorm_sample,46.5,R024bc2029.A07,3473,26625472,6570,7666.4,3862.5,8306,27.8,37.2,32769 (20.3),31095 (23.1),31002 (20.4),28324 (22.9),27358 (23.4),40.0 (3933),40.0 (3684),40.0 (4984),40.0 (2177),40.0 (3014),3473 (100.0%) 26.6Mb,3469 (99.9%) 26.6Mb,3322 (95.7%) 25.3Mb,2967 (85.4%) 21.9Mb,2575 (74.1%) 17.9Mb,,,15352,0.057625845
Ea.F.1.L.B,B01,R024,Earl,dorm_sample,104.25,R024bc2029.B01,286969,2076662340,6367,7236.5,3386.3,7785,28.2,37.6,41889 (20.1),41226 (18.5),39754 (21.5),39494 (21.2),38841 (21.5),40.0 (3521),40.0 (4194),40.0 (3158),40.0 (4041),40.0 (4869),286969 (100.0%) 2076.7Mb,286848 (100.0%) 2075.8Mb,275813 (96.1%) 1982.3Mb,248916 (86.7%) 1744.7Mb,217751 (75.9%) 1469.8Mb,,,427325,0.020573257
Ea.F.2.H.A,B02,R024,Earl,dorm_sample,36,R024bc2029.B02,164559,981311494,5403,5963.3,2367.6,6236,28.7,39,33544 (23.9),32370 (18.0),31418 (19.8),29819 (22.7),28733 (24.2),40.0 (5340),40.0 (4336),40.0 (4040),40.0 (3943),40.0 (4731),164559 (100.0%) 981.3Mb,164508 (100.0%) 981.0Mb,158754 (96.5%) 943.1Mb,145746 (88.6%) 855.6Mb,130658 (79.4%) 753.2Mb,,,53127014,5.135831042
Te.F.2.L.A,B03,R024,Teal,dorm_sample,68.25,R024bc2029.B03,158098,1149484662,6343,7270.7,3528.5,7833,28.1,37.6,43890 (20.8),40196 (20.3),40091 (21.7),39899 (20.8),39303 (17.9),40.0 (8149),40.0 (3731),40.0 (4099),40.0 (4394),40.0 (5191),158098 (100.0%) 1149.5Mb,158041 (100.0%) 1149.0Mb,151891 (96.1%) 1096.1Mb,137084 (86.7%) 963.1Mb,119615 (75.7%) 807.1Mb,,,963486,0.083748755
Te.F.1.H.B,B04,R024,Teal,dorm_sample,19.5,R024bc2029.B04,11720,65772824,5118.5,5612,2144.7,5815,28.6,39,24473 (26.4),20808 (25.7),20539 (27.8),19795 (31.4),19475 (28.5),40.0 (4179),40.0 (4193),40.0 (4673),40.0 (4507),40.0 (3237),11720 (100.0%) 65.8Mb,11717 (100.0%) 65.8Mb,11303 (96.4%) 63.3Mb,10344 (88.3%) 57.4Mb,9281 (79.2%) 50.7Mb,,,4562,0.006935514
SR.F.1.H.A,B05,R024,SoRo,dorm_sample,3.96,R024bc2029.B05,271,961192,3182,3546.8,2993.2,4162,28.5,39.8,26693 (19.9),18510 (23.9),15637 (15.9),13635 (25.3),13265 (36.5),40.0 (4489),40.0 (5017),40.0 (4144),40.0 (1404),40.0 (2936),271 (100.0%) 1.0Mb,271 (100.0%) 1.0Mb,261 (96.3%) 0.9Mb,241 (88.9%) 0.8Mb,206 (76.0%) 0.7Mb,,,0,0
Co.F.4.H.C,B06,R024,Collins,dorm_sample,7.02,R024bc2029.B06,7060,33761760,4475.5,4782.1,1636.4,4928,29,39.8,20617 (24.4),16418 (23.4),15996 (22.0),14946 (34.3),14195 (37.5),40.0 (3170),40.0 (2389),40.0 (3961),40.0 (3729),40.0 (2900),7060 (100.0%) 33.8Mb,7055 (99.9%) 33.7Mb,6804 (96.4%) 32.5Mb,6335 (89.7%) 30.0Mb,5771 (81.7%) 27.1Mb,,,2810,0.008322333
He.F.3.L.B,B07,R024,Heritage,dorm_sample,102.75,R024bc2029.B07,356815,2306623571,5781,6464.5,2751.9,6797,28.5,38.6,39186 (18.9),37061 (15.6),33554 (22.4),33209 (20.1),32855 (23.2),40.0 (4483),40.0 (4415),40.0 (6334),40.0 (2943),40.0 (3729),356815 (100.0%) 2306.6Mb,356680 (100.0%) 2305.7Mb,343900 (96.4%) 2213.6Mb,313713 (87.9%) 1987.0Mb,278613 (78.1%) 1722.8Mb,,,1276319,0.055302182
Ea.F.2.L.A,C01,R024,Earl,dorm_sample,101.25,R024bc2029.C01,294199,1760887017,5396,5985.4,2416.6,6239,28.7,39,36457 (19.5),31731 (22.9),30964 (16.8),29276 (24.4),29033 (20.8),40.0 (3030),40.0 (2796),40.0 (4116),40.0 (3843),40.0 (4349),294199 (100.0%) 1760.9Mb,294088 (100.0%) 1760.2Mb,283733 (96.4%) 1692.6Mb,260122 (88.4%) 1532.0Mb,232571 (79.1%) 1342.3Mb,,,71119,0.004038654
Ea.F.2.H.B,C02,R024,Earl,dorm_sample,8.175,R024bc2029.C02,31372,154458760,4606,4923.5,1605.4,5052,29.3,39.7,20367 (23.2),19927 (30.4),18257 (29.1),18093 (27.4),18013 (24.0),40.0 (5515),40.0 (3824),40.0 (3549),40.0 (4158),40.0 (4339),31372 (100.0%) 154.5Mb,31358 (100.0%) 154.4Mb,30426 (97.0%) 149.6Mb,28235 (90.0%) 138.0Mb,25735 (82.0%) 124.7Mb,,,0,0
Te.F.2.L.B,C03,R024,Teal,dorm_sample,27.75,R024bc2029.C03,100200,520254286,4766,5192.2,1919.3,5342,29,39.5,28135 (22.7),28071 (23.2),24141 (18.2),24139 (23.3),23971 (21.4),40.0 (5680),40.0 (4325),40.0 (4416),40.0 (4645),40.0 (6508),100200 (100.0%) 520.3Mb,100146 (99.9%) 520.0Mb,96898 (96.7%) 502.0Mb,89548 (89.4%) 460.2Mb,81179 (81.0%) 412.3Mb,,,40361,0.007757335
Te.F.1.H.C,C04,R024,Teal,dorm_sample,40.5,R024bc2029.C04,90056,542905084,5431,6028.5,2482.5,6296,28.6,38.9,32510 (21.5),30619 (21.3),30527 (22.3),29605 (24.3),28781 (19.7),40.0 (5465),40.0 (6060),40.0 (1640),40.0 (4193),40.0 (3446),90056 (100.0%) 542.9Mb,90019 (100.0%) 542.7Mb,86766 (96.3%) 520.7Mb,79578 (88.4%) 471.2Mb,71092 (78.9%) 412.5Mb,,,21876,0.004029271
SR.F.2.H.B,C05,R024,SoRo,dorm_sample,67.5,R024bc2029.C05,43921,316763225,6340,7212.1,3402.7,7789,28.2,37.6,43361 (17.5),38594 (20.1),37309 (21.5),36527 (20.8),32149 (23.7),40.0 (4374),40.0 (5094),40.0 (4930),40.0 (5052),40.0 (1468),43921 (100.0%) 316.8Mb,43898 (99.9%) 316.6Mb,42208 (96.1%) 302.5Mb,38216 (87.0%) 268.0Mb,33466 (76.2%) 225.4Mb,,,16532,0.005218768
Da.F.2.L.A,C06,R024,Dawson,dorm_sample,1.44,R024bc2029.C06,590,2342234,3888,3969.9,1383.6,4182,30,39.9,12939 (28.2),10380 (22.7),8920 (39.2),8792 (20.5),8670 (38.7),40.0 (3698),40.0 (3038),40.0 (4715),40.0 (4335),40.0 (4544),590 (100.0%) 2.3Mb,590 (100.0%) 2.3Mb,577 (97.8%) 2.3Mb,539 (91.4%) 2.1Mb,496 (84.1%) 1.9Mb,,,4761,0.20285514
He.F.4.L.C,C07,R024,Heritage,dorm_sample,0.657,R024bc2029.C07,1114,4939899,4154.5,4434.4,1485.3,4530,28.8,39.7,17971 (24.2),12001 (35.4),11556 (27.9),11048 (33.1),10616 (28.2),40.0 (3650),40.0 (4017),40.0 (4614),40.0 (4084),40.0 (4449),1114 (100.0%) 4.9Mb,1113 (99.9%) 4.9Mb,1071 (96.1%) 4.8Mb,990 (88.9%) 4.4Mb,911 (81.8%) 4.0Mb,,,0,0
Ea.F.3.L.A,D01,R024,Earl,dorm_sample,31.5,R024bc2029.D01,99071,581012220,5289,5864.6,2386.2,6121,28.8,39,32523 (18.6),29190 (22.8),28984 (20.2),28682 (26.5),28639 (20.3),40.0 (5537),40.0 (4491),40.0 (7190),40.0 (4422),40.0 (4390),99071 (100.0%) 581.0Mb,99039 (100.0%) 580.8Mb,95706 (96.6%) 559.4Mb,87748 (88.6%) 505.9Mb,78664 (79.4%) 445.0Mb,,,137738,0.02370094
Te.F.2.L.C,D03,R024,Teal,dorm_sample,135.75,R024bc2029.D03,204,1789683,7616.5,8773,4627.3,9900,27.4,34.8,28856 (27.0),25572 (20.7),23364 (22.4),22724 (26.6),21460 (20.0),40.0 (6663),40.0 (3543),40.0 (3687),40.0 (3277),40.0 (4649),204 (100.0%) 1.8Mb,204 (100.0%) 1.8Mb,196 (96.1%) 1.7Mb,169 (82.8%) 1.4Mb,136 (66.7%) 1.0Mb,,,38698,2.11651729
Te.F.2.H.A,D04,R024,Teal,dorm_sample,60,R024bc2029.D04,1351,9943600,6401,7360.2,3605.9,7809,28.6,37.4,31052 (21.9),28811 (21.1),27381 (24.1),24372 (17.4),23066 (26.0),40.0 (5919),40.0 (6114),40.0 (4942),40.0 (3030),40.0 (5150),1351 (100.0%) 9.9Mb,1350 (99.9%) 9.9Mb,1308 (96.8%) 9.6Mb,1189 (88.0%) 8.5Mb,1043 (77.2%) 7.1Mb,,,6620,0.066531192
SR.F.3.H.C,D05,R024,SoRo,dorm_sample,55.5,R024bc2029.D05,72252,451836887,5621,6253.6,2601.5,6571,28.6,38.7,31994 (18.3),31095 (19.7),27907 (21.3),27700 (23.6),26706 (25.0),40.0 (3865),40.0 (6153),40.0 (5988),40.0 (4802),40.0 (5566),72252 (100.0%) 451.8Mb,72233 (100.0%) 451.7Mb,69667 (96.4%) 434.0Mb,63576 (88.0%) 390.7Mb,56661 (78.4%) 340.4Mb,,,17915,0.003964769
Da.F.3.L.B,D06,R024,Dawson,dorm_sample,15.75,R024bc2029.D06,44156,226513583,4783,5129.8,1729.4,5279,29,39.4,25112 (22.1),21273 (20.5),20302 (25.3),19920 (25.6),19849 (20.5),40.0 (2621),40.0 (4177),40.0 (3889),40.0 (4615),40.0 (5118),44156 (100.0%) 226.5Mb,44138 (100.0%) 226.4Mb,42702 (96.7%) 218.6Mb,39507 (89.5%) 200.9Mb,35757 (81.0%) 180.3Mb,,,21347,0.009423271
Pe.F.2.H.A,D07,R024,Penland,dorm_sample,276,R024bc2029.D07,55662,442120501,6815.5,7943,4122.5,8712,27.9,37,43935 (19.0),42632 (19.7),42449 (22.7),41331 (19.6),40813 (17.2),40.0 (5254),40.0 (2928),40.0 (5890),40.0 (4013),40.0 (5526),55662 (100.0%) 442.1Mb,55639 (100.0%) 441.9Mb,53334 (95.8%) 418.8Mb,47671 (85.6%) 361.0Mb,41021 (73.7%) 294.3Mb,,,98587,0.022293701
Ea.F.3.L.B,E01,R024,Earl,dorm_sample,59.25,R024bc2029.E01,172497,1235836871,6298,7164.4,3361.2,7701,28.1,37.6,40605 (18.4),39516 (19.8),37737 (18.6),37496 (20.3),34857 (18.8),40.0 (4504),40.0 (7605),40.0 (3650),40.0 (3897),40.0 (3371),172497 (100.0%) 1235.8Mb,172438 (100.0%) 1235.4Mb,165688 (96.1%) 1179.1Mb,149328 (86.6%) 1036.8Mb,130378 (75.6%) 870.6Mb,,,78620643,5.981223597
Ea.F.3.H.A,E02,R024,Earl,dorm_sample,11.1,R024bc2029.E02,50562,249191185,4594,4928.4,1655.2,5060,29.2,39.7,21508 (31.9),19367 (25.7),18873 (24.8),18567 (19.6),18009 (26.7),40.0 (4956),40.0 (4650),40.0 (3473),40.0 (3978),40.0 (3818),50562 (100.0%) 249.2Mb,50543 (100.0%) 249.1Mb,49006 (96.9%) 241.1Mb,45459 (89.9%) 222.2Mb,41287 (81.7%) 200.1Mb,,,20157,0.008088316
Te.F.3.L.A,E03,R024,Teal,dorm_sample,102.75,R024bc2029.E03,4283,35986746,7144,8402.2,4499.9,9275,27.8,36.4,38477 (21.0),37913 (22.3),34757 (18.7),34109 (19.3),32901 (23.5),40.0 (4413),40.0 (5997),40.0 (4767),40.0 (6641),40.0 (5367),4283 (100.0%) 36.0Mb,4282 (100.0%) 36.0Mb,4101 (95.8%) 34.2Mb,3653 (85.3%) 29.2Mb,3123 (72.9%) 23.5Mb,,,16000,0.044441055
Te.F.2.H.B,E04,R024,Teal,dorm_sample,18,R024bc2029.E04,3902,18623029,4475,4772.7,1665.2,4919,29.3,39.8,18234 (33.7),16727 (27.1),15777 (21.2),15116 (30.0),14547 (24.3),40.0 (618),40.0 (3193),40.0 (4198),40.0 (4153),40.0 (4695),3902 (100.0%) 18.6Mb,3902 (100.0%) 18.6Mb,3786 (97.0%) 18.0Mb,3505 (89.8%) 16.6Mb,3174 (81.3%) 14.9Mb,,,4621,0.024807209
NR.F.1.H.A,E05,R024,NoRo,dorm_sample,42,R024bc2029.E05,69335,387676467,5114,5591.4,2091.7,5784,28.9,39.2,24478 (18.0),23715 (28.4),23152 (24.1),23049 (22.9),23049 (27.5),40.0 (3029),40.0 (6632),40.0 (3869),40.0 (4394),40.0 (3992),69335 (100.0%) 387.7Mb,69312 (100.0%) 387.6Mb,67053 (96.7%) 374.0Mb,61790 (89.1%) 341.3Mb,55604 (80.2%) 302.9Mb,,,27219,0.007020568
Da.F.4.L.C,E06,R024,Dawson,dorm_sample,18.75,R024bc2029.E06,165237,1025487293,5560,6206.2,2612.6,6509,28.5,38.7,37243 (22.3),35913 (22.5),34629 (19.9),30444 (21.3),28699 (24.2),40.0 (4300),40.0 (3380),40.0 (5144),40.0 (3199),40.0 (3928),165237 (100.0%) 1025.5Mb,165179 (100.0%) 1025.1Mb,159191 (96.3%) 983.6Mb,145241 (87.9%) 883.9Mb,129261 (78.2%) 768.5Mb,,,165638,0.016149518
Pe.F.3.H.B,E07,R024,Penland,dorm_sample,163.5,R024bc2029.E07,20109,154142375,6583,7665.3,3933.9,8473,27.8,36.7,37853 (16.5),37132 (19.1),36692 (20.6),34993 (17.8),33654 (20.4),40.0 (5036),40.0 (3317),40.0 (4793),40.0 (3027),40.0 (4237),20109 (100.0%) 154.1Mb,20103 (100.0%) 154.1Mb,19259 (95.8%) 146.2Mb,17150 (85.3%) 125.5Mb,14699 (73.1%) 101.6Mb,,,104305,0.067622201
Ea.F.3.L.C,F01,R024,Earl,dorm_sample,55.5,R024bc2029.F01,314027,2243400043,6264,7144,3380.7,7708,28.2,37.7,44781 (20.2),40529 (21.0),39939 (15.9),39386 (18.4),39115 (21.1),40.0 (2003),40.0 (6451),40.0 (3427),40.0 (4815),40.0 (5174),314027 (100.0%) 2243.4Mb,313907 (100.0%) 2242.5Mb,301781 (96.1%) 2140.6Mb,272900 (86.9%) 1888.7Mb,238666 (76.0%) 1590.3Mb,,,1856361,0.082679243
Ea.F.3.H.B,F02,R024,Earl,dorm_sample,39,R024bc2029.F02,251373,1595050729,5699,6345.4,2670,6704,28.6,38.7,35016 (20.1),34470 (18.8),34319 (23.8),33935 (22.3),33471 (23.5),40.0 (4028),40.0 (5264),40.0 (4562),40.0 (4331),40.0 (3986),251373 (100.0%) 1595.1Mb,251276 (100.0%) 1594.4Mb,242262 (96.4%) 1530.3Mb,221669 (88.2%) 1381.6Mb,197634 (78.6%) 1205.1Mb,,,194394,0.012185839
Te.F.3.L.B,F03,R024,Teal,dorm_sample,9,R024bc2029.F03,49971,331396010,5891,6631.8,2952.1,7025,28.3,38.2,32019 (19.6),31223 (19.4),31072 (18.1),31014 (20.3),30444 (21.4),40.0 (4549),40.0 (5437),40.0 (5616),40.0 (3867),40.0 (4508),49971 (100.0%) 331.4Mb,49948 (100.0%) 331.2Mb,48042 (96.1%) 316.8Mb,43689 (87.4%) 282.2Mb,38637 (77.3%) 242.6Mb,,,24601,0.007422894
Te.F.2.H.C,F04,R024,Teal,dorm_sample,63.75,R024bc2029.F04,1915,16759373,7442,8751.6,4688.7,9908,27.7,35.9,32729 (20.0),31270 (23.0),29702 (25.3),29313 (24.6),29203 (23.4),40.0 (6643),40.0 (5336),40.0 (4138),40.0 (4101),40.0 (3753),1915 (100.0%) 16.8Mb,1915 (100.0%) 16.8Mb,1842 (96.2%) 16.0Mb,1634 (85.3%) 13.6Mb,1393 (72.7%) 10.8Mb,,,19729,0.117580786
NR.F.2.H.B,F05,R024,NoRo,dorm_sample,2.4,R024bc2029.F05,256,877508,3091,3427.8,2556.6,3985,29.3,40,16523 (24.3),15870 (24.7),15318 (28.0),14813 (36.1),11664 (21.6),40.0 (2437),40.0 (3597),40.0 (2719),40.0 (2475),40.0 (3442),256 (100.0%) 0.9Mb,256 (100.0%) 0.9Mb,248 (96.9%) 0.8Mb,227 (88.7%) 0.8Mb,213 (83.2%) 0.7Mb,,,5709,0.646387015
Me.F.2.L.A,F06,R024,Memorial,dorm_sample,45,R024bc2029.F06,152170,1052210756,6105,6914.7,3162.3,7349,28.2,37.8,43090 (17.8),42221 (20.0),38126 (20.4),37870 (17.8),37530 (18.1),40.0 (2928),40.0 (4742),40.0 (3515),40.0 (7508),40.0 (2753),152170 (100.0%) 1052.2Mb,152113 (100.0%) 1051.8Mb,146110 (96.0%) 1004.2Mb,132256 (86.9%) 888.6Mb,116009 (76.2%) 753.3Mb,,,287425,0.027308836
Pe.F.4.H.C,F07,R024,Penland,dorm_sample,14.1,R024bc2029.F07,52047,251475637,4494,4831.7,1647,4950,29.3,39.8,23245 (17.1),21569 (27.6),18755 (22.3),18267 (27.2),18195 (19.5),40.0 (3322),40.0 (3765),40.0 (3710),40.0 (5179),40.0 (4173),52047 (100.0%) 251.5Mb,52034 (100.0%) 251.4Mb,50404 (96.8%) 243.1Mb,46884 (90.1%) 224.9Mb,42809 (82.3%) 203.5Mb,,,47682,0.018957288
Ea.F.1.H.A,G01,R024,Earl,dorm_sample,21.75,R024bc2029.G01,69786,441234587,5568.5,6322.7,2886.4,6679,28.5,38.7,43845 (20.3),37335 (18.2),37269 (18.3),35784 (21.5),31711 (20.2),40.0 (3454),40.0 (8053),40.0 (4384),40.0 (5151),40.0 (3644),69786 (100.0%) 441.2Mb,69758 (100.0%) 441.0Mb,67252 (96.4%) 423.0Mb,61377 (88.0%) 378.9Mb,54430 (78.0%) 325.7Mb,,,65574,0.014859274
Ea.F.3.H.C,G02,R024,Earl,dorm_sample,1.8225,R024bc2029.G02,435,1556098,3505,3577.2,1521.7,3878,29,40,12224 (27.5),10749 (24.0),10446 (19.5),8458 (30.7),8379 (37.5),40.0 (786),40.0 (2570),40.0 (3521),40.0 (4458),40.0 (4188),435 (100.0%) 1.6Mb,434 (99.8%) 1.6Mb,417 (95.9%) 1.5Mb,398 (91.5%) 1.4Mb,365 (83.9%) 1.3Mb,,,457,0.029359708
Te.M.2.H.A,G03,R024,Teal,dorm_sample,48,R024bc2029.G03,368907,2411129729,5843,6535.9,2807.9,6901,28.4,38.4,38884 (17.1),36807 (18.7),34343 (17.3),33895 (25.1),33391 (20.3),40.0 (5730),40.0 (3778),40.0 (4239),40.0 (4671),40.0 (5369),368907 (100.0%) 2411.1Mb,368785 (100.0%) 2410.3Mb,355142 (96.3%) 2310.1Mb,323357 (87.7%) 2067.4Mb,286190 (77.6%) 1780.9Mb,,,491412,0.020376832
Te.F.3.H.A,G04,R024,Teal,dorm_sample,10.2,R024bc2029.G04,11503,59639698,4789,5184.7,1862,5322,29.1,39.5,28325 (18.1),27793 (18.9),22984 (25.6),22883 (24.0),19713 (21.5),40.0 (5506),40.0 (3605),40.0 (3248),40.0 (3340),40.0 (4662),11503 (100.0%) 59.6Mb,11499 (100.0%) 59.6Mb,11151 (96.9%) 57.6Mb,10293 (89.5%) 52.7Mb,9284 (80.7%) 47.1Mb,,,9035,0.015147011
NR.F.3.H.C,G05,R024,NoRo,dorm_sample,16.5,R024bc2029.G05,34910,175363375,4665,5023.3,1735.1,5163,29.1,39.7,26314 (24.4),22991 (22.8),19986 (28.2),19694 (18.4),18265 (25.4),40.0 (4279),40.0 (5664),40.0 (4338),40.0 (4227),40.0 (3787),34910 (100.0%) 175.4Mb,34892 (99.9%) 175.3Mb,33778 (96.8%) 169.5Mb,31335 (89.8%) 156.2Mb,28455 (81.5%) 140.5Mb,,,0,0
Me.F.3.L.B,G06,R024,Memorial,dorm_sample,95.25,R024bc2029.G06,651145,4461719394,6021,6852.1,3205.3,7313,28.3,38,41879 (19.2),41454 (16.9),39969 (17.9),39854 (17.8),39582 (19.8),40.0 (4570),40.0 (3452),40.0 (4361),40.0 (3354),40.0 (4594),651145 (100.0%) 4461.7Mb,650927 (100.0%) 4460.1Mb,626533 (96.2%) 4266.9Mb,568876 (87.4%) 3791.0Mb,500857 (76.9%) 3227.6Mb,,,291086,0.006523651
1_Parracocus,G07,R024,Not applicable,control,45,R024bc2029.G07,145056,929083723,5697,6405,2801.6,6741,28.2,37.6,40814 (19.5),36339 (20.3),31163 (19.1),31120 (21.4),30732 (22.6),40.0 (4787),40.0 (3648),40.0 (3091),40.0 (3946),40.0 (3606),145056 (100.0%) 929.1Mb,145014 (100.0%) 928.8Mb,139354 (96.1%) 888.1Mb,126507 (87.2%) 793.0Mb,111149 (76.6%) 677.0Mb,,,5000,0.000538162
Ea.F.1.H.B,H01,R024,Earl,dorm_sample,69.75,R024bc2029.H01,401308,3065366485,6547,7638.4,3967.1,8396,28,37.2,46505 (18.5),45433 (18.2),44214 (18.0),43410 (20.6),42430 (21.5),40.0 (3771),40.0 (4046),40.0 (3156),40.0 (3783),40.0 (3060),401308 (100.0%) 3065.4Mb,401149 (100.0%) 3064.0Mb,384907 (95.9%) 2912.7Mb,345073 (86.0%) 2520.2Mb,298503 (74.4%) 2070.4Mb,,,1434121,0.046762773
Te.M.1.L.A,H02,R024,Teal,dorm_sample,90,R024bc2029.H02,791502,6111121360,6695,7720.9,3855.8,8435,27.9,37.1,46191 (18.5),44095 (19.1),43228 (18.9),42570 (20.9),41905 (18.5),40.0 (5527),40.0 (4795),40.0 (3947),40.0 (3906),40.0 (4509),791502 (100.0%) 6111.1Mb,791188 (100.0%) 6108.4Mb,758502 (95.8%) 5803.1Mb,677995 (85.7%) 5011.2Mb,584847 (73.9%) 4111.0Mb,,,1143774,0.018712768
Te.M.2.H.B,H03,R024,Teal,dorm_sample,156,R024bc2029.H03,59813,514693707,7393,8605,4501.3,9633,27.4,36.1,46420 (18.7),44928 (21.7),42449 (18.1),40722 (17.3),39409 (18.1),40.0 (3662),40.0 (5336),40.0 (3180),40.0 (4951),40.0 (4195),59813 (100.0%) 514.7Mb,59784 (100.0%) 514.4Mb,57021 (95.3%) 484.1Mb,50118 (83.8%) 405.6Mb,42303 (70.7%) 320.9Mb,,,12196,0.002369508
Te.F.3.H.B,H04,R024,Teal,dorm_sample,18.75,R024bc2029.H04,5017,34474483,6085,6871.5,3148.1,7347,28.4,37.7,31551 (21.2),30359 (22.4),25712 (24.8),25700 (22.5),25588 (24.8),40.0 (6679),40.0 (4394),40.0 (3587),40.0 (2363),40.0 (4313),5017 (100.0%) 34.5Mb,5015 (100.0%) 34.5Mb,4844 (96.6%) 33.1Mb,4395 (87.6%) 29.3Mb,3836 (76.5%) 24.8Mb,,,0,0
Co.F.2.H.A,H05,R024,Collins,dorm_sample,31.5,R024bc2029.H05,102238,602899711,5318,5897,2409.1,6129,28.7,39.1,30719 (24.2),30515 (18.6),29994 (22.9),29172 (20.7),28444 (22.3),40.0 (3668),40.0 (4209),40.0 (4661),40.0 (4586),40.0 (4021),102238 (100.0%) 602.9Mb,102211 (100.0%) 602.7Mb,98696 (96.5%) 579.9Mb,90516 (88.5%) 525.0Mb,81100 (79.3%) 461.2Mb,,,60248,0.00999204
Me.F.4.L.C,H06,R024,Memorial,dorm_sample,45,R024bc2029.H06,321797,2164227025,5918,6725.4,3121,7153,28.3,38.1,45626 (18.6),44286 (20.0),43755 (20.1),41062 (17.0),40177 (22.7),40.0 (5158),40.0 (3351),40.0 (3397),40.0 (5260),40.0 (5598),321797 (100.0%) 2164.2Mb,321688 (100.0%) 2163.5Mb,309514 (96.2%) 2069.3Mb,280940 (87.3%) 1838.5Mb,247654 (77.0%) 1569.1Mb,,,223579,0.010329596
2_Bacillus,H07,R024,Not applicable,control,46.5,R024bc2029.H07,187423,1135622822,5552,6059.1,2314.6,6334,29.2,39.3,28421 (21.3),27878 (26.0),27404 (27.3),27403 (27.2),27091 (29.0),40.0 (3719),40.0 (2995),40.0 (5210),40.0 (6102),40.0 (6447),187423 (100.0%) 1135.6Mb,187371 (100.0%) 1135.3Mb,181814 (97.0%) 1098.7Mb,168609 (90.0%) 1010.0Mb,152924 (81.6%) 904.4Mb,,,39898,0.003513191