sample_id,filename_ID,Dorm,Gender,Floor,controls,input_DNA_ng,longplex_rxn_x,longplex_PCR_cycles,shearing_method,libprep,postPCR_cleanup,longplex_PCR_conditions,year_renovated,dorm_age_2026_years,style_of_cover,Usage,showers_per_use_area,darins_per_shower,approx_number_students_per_usearea,studnets_per_drain,cumulative_use_students_time,env_material,env_feature,collection_date,longplex_barcode,DNA_plate_wellID,tube_id,filename,sample_type,number_of_reads,number_of_bases,median_read_length,mean_read_length,read_length_stdev,n50,mean_qual,median_qual,longest_read_(with_Q):1,longest_read_(with_Q):2,longest_read_(with_Q):3,longest_read_(with_Q):4,longest_read_(with_Q):5,highest_Q_read_(with_length):1,highest_Q_read_(with_length):2,highest_Q_read_(with_length):3,highest_Q_read_(with_length):4,highest_Q_read_(with_length):5,Reads >Q10:,Reads >Q15:,Reads >Q20:,Reads >Q25:,Reads >Q30:,max_read_length,n_complete_MAGs_no_rRNA_check,n_complete_MAGs
1_Parracocus,G07,Not applicable,Not applicable,Not applicable,3,45,0.5x,8,longplex,longplex,0.6x AMPure PB,,Not applicable,Not applicable,Not applicable,Not applicable,Not applicable,Not applicable,Not applicable,Not applicable,Not applicable,cell culture,research facility,46150,G07,G7,P,R022bc2029.G07,control,335705,2132025879,5641,6350.9,2809.7,6718,28.5,37.6,40814 (19.5),37424 (21.8),36339 (20.3),34615 (24.8),34163 (21.0),40.0 (3618),40.0 (5697),40.0 (2515),40.0 (4003),40.0 (2977),335705 (100.0%) 2132.0Mb,335610 (100.0%) 2131.4Mb,323677 (96.4%) 2046.5Mb,294518 (87.7%) 1829.8Mb,259042 (77.2%) 1562.1Mb,40814,2,2
2_Bacillus,H07,Not applicable,Not applicable,Not applicable,3,46.5,0.5x,8,longplex,longplex,0.6x AMPure PB,,Not applicable,Not applicable,Not applicable,Not applicable,Not applicable,Not applicable,Not applicable,Not applicable,Not applicable,cell culture,research facility,46150,H07,B8,Bs,R022bc2029.H07,control,456804,2685833473,5356,5879.6,2301.3,6164,29.5,39.4,28421 (21.3),28079 (22.2),27878 (26.0),27801 (21.6),27404 (27.3),40.0 (3462),40.0 (5210),40.0 (6102),40.0 (2759),40.0 (5065),456804 (100.0%) 2685.8Mb,456680 (100.0%) 2685.1Mb,444305 (97.3%) 2606.9Mb,414089 (90.6%) 2409.8Mb,378102 (82.8%) 2173.7Mb,28421,1,1
Co.F.2.H.A,H05,Collins,Female,2,0,31.5,0.5x,8,longplex,longplex,0.6x AMPure PB,,2022,4,New,,8,1,45,5.6,22.5,PVC,shower drain,46150,H05,H5,43,R022bc2029.H05,dorm_sample,237291,1386953226,5265,5844.9,2426.6,6107,29,39,38891 (23.2),33463 (20.1),31617 (24.0),30719 (24.2),30515 (18.6),40.0 (3494),40.0 (4209),40.0 (4661),40.0 (4586),40.0 (4514),237291 (100.0%) 1387.0Mb,237226 (100.0%) 1386.6Mb,229728 (96.8%) 1338.3Mb,211479 (89.1%) 1215.9Mb,190112 (80.1%) 1070.9Mb,38891,1,1
Co.F.3.H.B,A06,Collins,Female,3,0,55.5,0.5x,8,longplex,longplex,0.6x AMPure PB,,2022,4,New,Recent,8,1,45,5.6,22.5,PVC,shower drain,46150,A06,A6,44,R022bc2029.A06,dorm_sample,243905,1697686290,6133,6960.4,3268.4,7511,28.3,37.6,39790 (20.2),37879 (17.4),37835 (17.0),37282 (21.7),37047 (20.0),40.0 (3026),40.0 (4577),40.0 (4003),40.0 (5732),40.0 (4254),243905 (100.0%) 1697.7Mb,243822 (100.0%) 1697.1Mb,234872 (96.3%) 1623.9Mb,212729 (87.2%) 1434.6Mb,186331 (76.4%) 1208.0Mb,39790,3,3
Co.F.4.H.C,B06,Collins,Female,4,0,7.02,0.5x,8,longplex,longplex,0.6x AMPure PB,,2022,4,New,,8,1,45,5.6,22.5,PVC,shower drain,46150,B06,B6,45,R022bc2029.B06,dorm_sample,16587,78090960,4398,4708,1652.5,4856,29.3,39.8,21318 (22.4),20617 (24.4),16418 (23.4),16283 (26.3),16006 (31.5),40.0 (4968),40.0 (2389),40.0 (3052),40.0 (4427),40.0 (3519),16587 (100.0%) 78.1Mb,16580 (100.0%) 78.1Mb,16050 (96.8%) 75.5Mb,14958 (90.2%) 69.9Mb,13684 (82.5%) 63.5Mb,21318,0,0
Da.F.2.L.A,C06,Dawson,Female,2,0,1.44,0.5x,8,longplex,longplex,0.6x AMPure PB,,2025,1,New,,1,1,4,4,4,PVC,shower drain,46150,C06,C6,41,R022bc2029.C06,dorm_sample,1430,5600409,3863.5,3916.4,1429,4180,30,39.9,13480 (32.4),12939 (28.2),12439 (34.8),10446 (35.0),10380 (22.7),40.0 (3132),40.0 (3038),40.0 (3709),40.0 (3525),40.0 (4564),1430 (100.0%) 5.6Mb,1430 (100.0%) 5.6Mb,1397 (97.7%) 5.5Mb,1313 (91.8%) 5.1Mb,1200 (83.9%) 4.6Mb,13480,0,0
Da.F.3.L.B,D06,Dawson,Female,3,0,15.75,0.5x,8,longplex,longplex,0.6x AMPure PB,,2025,1,New,Recent,2,1,5,2.5,2.5,PVC,shower drain,46150,D06,D6,42,R022bc2029.D06,dorm_sample,102725,521777560,4727,5079.4,1747.8,5245,29.2,39.4,25112 (22.1),23414 (26.6),21566 (18.8),21273 (20.5),20821 (25.2),40.0 (4986),40.0 (4002),40.0 (3738),40.0 (3889),40.0 (3346),102725 (100.0%) 521.8Mb,102685 (100.0%) 521.6Mb,99554 (96.9%) 504.9Mb,92446 (90.0%) 465.8Mb,84001 (81.8%) 419.1Mb,25112,1,1
Da.F.4.L.C,E06,Dawson,Female,1,0,18.75,0.5x,8,longplex,longplex,0.6x AMPure PB,,2025,1,New,,1,1,4,4,4,PVC,shower drain,46150,E06,E6,40,R022bc2029.E06,dorm_sample,379583,2343490663,5529,6173.9,2625.7,6513,28.7,38.6,37243 (22.3),35913 (22.5),35498 (19.1),34629 (19.9),32250 (21.1),40.0 (4635),40.0 (4409),40.0 (3518),40.0 (3862),40.0 (3595),379583 (100.0%) 2343.5Mb,379462 (100.0%) 2342.7Mb,366809 (96.6%) 2256.0Mb,335828 (88.5%) 2033.5Mb,298969 (78.8%) 1766.2Mb,37243,6,6
Ea.F.1.H.A,G01,Earl,Female,1,0,21.75,0.5x,8,longplex,longplex,0.6x AMPure PB,,2011,15,Old,,4,1,8,2,30,PVC,shower drain,46149,G01,G1,19,R022bc2029.G01,dorm_sample,161105,1010223294,5525,6270.6,2889.7,6669,28.7,38.7,44894 (19.5),43845 (20.3),37335 (18.2),37269 (18.3),35784 (21.5),40.0 (2846),40.0 (3599),40.0 (3668),40.0 (3978),40.0 (3644),161105 (100.0%) 1010.2Mb,161055 (100.0%) 1009.9Mb,155738 (96.7%) 972.1Mb,142584 (88.5%) 872.7Mb,126838 (78.7%) 753.2Mb,44894,1,1
Ea.F.1.H.B,H01,Earl,Female,1,0,69.75,0.5x,8,longplex,longplex,0.6x AMPure PB,,2011,15,Old,,4,1,8,2,30,PVC,shower drain,46149,H01,H1,20,R022bc2029.H01,dorm_sample,922378,6981496874,6508,7569,3926.1,8370,28.2,37.2,46505 (18.5),45433 (18.2),44816 (20.2),44214 (18.0),43410 (20.6),40.0 (4207),40.0 (4580),40.0 (3561),40.0 (5375),40.0 (6378),922378 (100.0%) 6981.5Mb,922033 (100.0%) 6978.6Mb,887795 (96.3%) 6665.4Mb,798973 (86.6%) 5791.2Mb,692077 (75.0%) 4759.3Mb,46505,19,19
Ea.F.1.H.C,A02,Earl,Female,1,0,35.25,0.5x,8,longplex,longplex,0.6x AMPure PB,,2011,15,Old,,4,1,8,2,30,PVC,shower drain,46149,A02,A2,21,R022bc2029.A02,dorm_sample,22175,173958726,6813,7844.8,3974.4,8634,28,37,37948 (22.1),37868 (19.9),37278 (21.6),36859 (20.4),36153 (22.5),40.0 (5014),40.0 (6085),40.0 (4158),40.0 (2982),40.0 (3135),22175 (100.0%) 174.0Mb,22162 (99.9%) 173.8Mb,21279 (96.0%) 165.4Mb,19151 (86.4%) 143.7Mb,16459 (74.2%) 116.8Mb,37948,0,0
Ea.F.1.L.A,A01,Earl,Female,1,0,21.75,0.5x,8,longplex,longplex,0.6x AMPure PB,,2011,15,Old,,1,1,4,4,60,PVC,shower drain,46149,A01,A1,22,R022bc2029.A01,dorm_sample,351893,2003033046,5180,5692.2,2213.7,5945,29,39.1,29690 (21.3),28217 (24.8),27105 (26.8),26682 (27.3),25863 (25.6),40.0 (3385),40.0 (4462),40.0 (3460),40.0 (6760),40.0 (3409),351893 (100.0%) 2003.0Mb,351778 (100.0%) 2002.4Mb,340777 (96.8%) 1934.7Mb,314050 (89.2%) 1763.5Mb,282687 (80.3%) 1560.3Mb,29690,5,5
Ea.F.1.L.B,B01,Earl,Female,1,0,104.25,0.5x,8,longplex,longplex,0.6x AMPure PB,,2011,15,Old,,1,1,4,4,60,PVC,shower drain,46149,B01,B1,32,R022bc2029.B01,dorm_sample,660203,4744292380,6335,7186.1,3376.1,7771,28.4,37.6,43787 (19.8),41889 (20.1),41226 (18.5),40155 (20.0),39754 (21.5),40.0 (3848),40.0 (2865),40.0 (534),40.0 (3183),40.0 (5208),660203 (100.0%) 4744.3Mb,659953 (100.0%) 4742.3Mb,636683 (96.4%) 4547.7Mb,576637 (87.3%) 4017.4Mb,504944 (76.5%) 3382.1Mb,43787,16,16
Ea.F.2.H.A,B02,Earl,Female,2,0,36,0.5x,8,longplex,longplex,0.6x AMPure PB,,2011,15,Old,Recent,4,1,8,2,30,PVC,shower drain,46149,B02,B2,23,R022bc2029.B02,dorm_sample,380753,2250562984,5347,5910.8,2383.6,6211,28.9,39,34459 (20.6),33544 (23.9),32370 (18.0),31418 (19.8),29819 (22.7),40.0 (2847),40.0 (4745),40.0 (5890),40.0 (4793),40.0 (4085),380753 (100.0%) 2250.6Mb,380634 (100.0%) 2249.9Mb,368409 (96.8%) 2170.6Mb,339289 (89.1%) 1974.9Mb,304684 (80.0%) 1739.6Mb,34459,6,6
Ea.F.2.H.B,C02,Earl,Female,2,0,8.175,0.5x,8,longplex,longplex,0.6x AMPure PB,,2011,15,Old,,4,1,8,2,30,PVC,shower drain,46149,C02,C2,24,R022bc2029.C02,dorm_sample,74586,362719178,4546,4863.1,1614.4,5008,29.4,39.7,22558 (28.0),20367 (23.2),19927 (30.4),18257 (29.1),18235 (33.5),40.0 (3216),40.0 (4342),40.0 (5515),40.0 (4254),40.0 (2951),74586 (100.0%) 362.7Mb,74562 (100.0%) 362.6Mb,72422 (97.1%) 351.6Mb,67329 (90.3%) 325.0Mb,61462 (82.4%) 294.1Mb,22558,0,0
Ea.F.2.H.C,D02,Earl,Female,2,0,39,0.5x,8,longplex,longplex,0.6x AMPure PB,,2011,15,Old,,4,1,8,2,30,PVC,shower drain,46149,D02,D2,25,R022bc2029.D02,dorm_sample,64401,490593369,6553,7617.8,3970.2,8459,28.2,37,40164 (19.2),38932 (19.9),37517 (21.1),36988 (23.4),36538 (20.4),40.0 (2448),40.0 (5256),40.0 (3317),40.0 (4484),40.0 (7105),64401 (100.0%) 490.6Mb,64371 (100.0%) 490.3Mb,62141 (96.5%) 470.1Mb,55726 (86.5%) 405.6Mb,48236 (74.9%) 331.5Mb,40164,3,3
Ea.F.2.L.A,C01,Earl,Female,2,0,101.25,0.5x,8,longplex,longplex,0.6x AMPure PB,,2011,15,Old,,1,1,4,4,60,PVC,shower drain,46149,C01,C1,33,R022bc2029.C01,dorm_sample,681826,4048981168,5351,5938.4,2430.8,6219,28.9,38.9,36457 (19.5),33315 (18.7),33161 (21.4),31731 (22.9),31714 (25.7),40.0 (4411),40.0 (2796),40.0 (5894),40.0 (5135),40.0 (4082),681826 (100.0%) 4049.0Mb,681582 (100.0%) 4047.4Mb,659617 (96.7%) 3904.3Mb,606422 (88.9%) 3542.6Mb,543166 (79.7%) 3108.4Mb,36457,9,9
Ea.F.3.H.A,E02,Earl,Female,3,0,11.1,0.5x,8,longplex,longplex,0.6x AMPure PB,,2011,15,Old,,4,1,8,2,30,PVC,shower drain,46149,E02,E2,26,R022bc2029.E02,dorm_sample,117920,572638890,4526,4856.2,1662.4,5005,29.4,39.7,27839 (21.7),27618 (22.2),21508 (31.9),19434 (34.1),19367 (25.7),40.0 (4650),40.0 (3473),40.0 (3978),40.0 (3818),40.0 (2675),117920 (100.0%) 572.6Mb,117873 (100.0%) 572.4Mb,114504 (97.1%) 555.1Mb,106495 (90.3%) 513.0Mb,97264 (82.5%) 464.7Mb,27839,0,0
Ea.F.3.H.B,F02,Earl,Female,3,0,39,0.5x,8,longplex,longplex,0.6x AMPure PB,,2011,15,Old,,4,1,8,2,30,PVC,shower drain,46149,F02,F2,28,R022bc2029.F02,dorm_sample,583257,3641072898,5606,6242.7,2649.5,6625,28.8,38.8,35016 (20.1),34470 (18.8),34319 (23.8),33935 (22.3),33471 (23.5),40.0 (5519),40.0 (4562),40.0 (5910),40.0 (5811),40.0 (3492),583257 (100.0%) 3641.1Mb,583058 (100.0%) 3639.8Mb,564083 (96.7%) 3508.2Mb,518370 (88.9%) 3180.0Mb,463809 (79.5%) 2783.0Mb,35016,4,4
Ea.F.3.H.C,G02,Earl,Female,3,0,1.8225,0.5x,8,longplex,longplex,0.6x AMPure PB,,2011,15,Old,,4,1,8,2,30,PVC,shower drain,46149,G02,G2,29,R022bc2029.G02,dorm_sample,1112,3907236,3442,3513.7,1529.8,3786,29.3,40,17898 (31.0),14635 (26.7),13440 (30.0),12224 (27.5),10886 (26.6),40.0 (4451),40.0 (786),40.0 (2501),40.0 (3511),40.0 (4188),1112 (100.0%) 3.9Mb,1111 (99.9%) 3.9Mb,1070 (96.2%) 3.8Mb,1015 (91.3%) 3.6Mb,929 (83.5%) 3.2Mb,17898,0,0
Ea.F.3.L.A,D01,Earl,Female,3,0,31.5,0.5x,8,longplex,longplex,0.6x AMPure PB,,2011,15,Old,Recent,1,1,4,4,60,PVC,shower drain,46149,D01,D1,27,R022bc2029.D01,dorm_sample,229863,1333281485,5223,5800.3,2394.6,6087,28.9,39,32523 (18.6),32472 (22.2),29701 (18.9),29473 (23.8),29190 (22.8),40.0 (5540),40.0 (5146),40.0 (6428),40.0 (5374),40.0 (4960),229863 (100.0%) 1333.3Mb,229790 (100.0%) 1332.9Mb,222539 (96.8%) 1286.9Mb,204774 (89.1%) 1168.7Mb,183967 (80.0%) 1029.4Mb,32523,3,3
Ea.F.3.L.B,E01,Earl,Female,4,0,59.25,0.5x,8,longplex,longplex,0.6x AMPure PB,,2011,15,Old,,1,1,4,4,60,PVC,shower drain,46149,E01,E1,30,R022bc2029.E01,dorm_sample,397221,2833775541,6280,7134,3364.2,7717,28.3,37.5,40640 (18.7),40605 (18.4),39516 (19.8),38790 (21.8),38086 (21.1),40.0 (4504),40.0 (3996),40.0 (3650),40.0 (4721),40.0 (5603),397221 (100.0%) 2833.8Mb,397096 (100.0%) 2832.8Mb,382785 (96.4%) 2714.8Mb,345986 (87.1%) 2392.0Mb,302303 (76.1%) 2007.4Mb,40640,10,10
Ea.F.3.L.C,F01,Earl,Female,4,0,55.5,0.5x,8,longplex,longplex,0.6x AMPure PB,,2011,15,Old,,1,1,4,4,60,PVC,shower drain,46149,F01,F1,31,R022bc2029.F01,dorm_sample,720961,5111064192,6226,7089.2,3372.2,7696,28.4,37.7,44781 (20.2),40772 (17.6),40529 (21.0),39939 (15.9),39386 (18.4),40.0 (5555),40.0 (3654),40.0 (4835),40.0 (4726),40.0 (2979),720961 (100.0%) 5111.1Mb,720707 (100.0%) 5109.1Mb,695324 (96.4%) 4899.5Mb,630498 (87.5%) 4333.9Mb,552502 (76.6%) 3652.1Mb,44781,10,9
He.F.2.L.A,A07,Heritage,Female,4,0,46.5,0.5x,8,longplex,longplex,0.6x AMPure PB,,2003,23,Old,,1,1,6,6,138,PVC,shower drain,46150,A07,A7,54,R022bc2029.A07,dorm_sample,7786,59522769,6613.5,7644.8,3886,8307,28,37,33130 (19.7),32769 (20.3),31207 (16.3),31095 (23.1),31002 (20.4),40.0 (3014),40.0 (5232),40.0 (3375),40.0 (6194),40.0 (7627),7786 (100.0%) 59.5Mb,7781 (99.9%) 59.5Mb,7480 (96.1%) 56.7Mb,6729 (86.4%) 49.3Mb,5804 (74.5%) 40.1Mb,33130,0,0
He.F.3.L.B,B07,Heritage,Female,3,0,102.75,0.5x,8,longplex,longplex,0.6x AMPure PB,,2003,23,Old,,1,1,6,6,138,PVC,shower drain,46150,B07,B7,53,R022bc2029.B07,dorm_sample,825964,5296019652,5730,6411.9,2761.7,6781,28.7,38.6,39186 (18.9),37061 (15.6),33914 (18.5),33554 (22.4),33209 (20.1),40.0 (5155),40.0 (2943),40.0 (4699),40.0 (3625),40.0 (3474),825964 (100.0%) 5296.0Mb,825676 (100.0%) 5294.1Mb,798323 (96.7%) 5098.5Mb,730899 (88.5%) 4592.1Mb,650989 (78.8%) 3987.7Mb,39186,19,19
He.F.4.L.C,C07,Heritage,Female,1,0,0.657,0.5x,8,longplex,longplex,0.6x AMPure PB,,2003,23,Old,,1,1,6,6,138,PVC,shower drain,46150,C07,C7,52,R022bc2029.C07,dorm_sample,2516,10861102,4084,4316.8,1416.6,4417,29.2,39.8,17971 (24.2),14354 (26.3),14161 (20.4),12001 (35.4),11556 (27.9),40.0 (4122),40.0 (4157),40.0 (3940),40.0 (4742),40.0 (3656),2516 (100.0%) 10.9Mb,2515 (100.0%) 10.9Mb,2436 (96.8%) 10.5Mb,2261 (89.9%) 9.7Mb,2066 (82.1%) 8.8Mb,17971,0,0
Me.F.2.L.A,F06,Memorial,Female,2,0,45,0.5x,8,longplex,longplex,0.6x AMPure PB,,2024,2,New,Recent,1,1,4,4,8,PVC,shower drain,46150,F06,F6,34,R022bc2029.F06,dorm_sample,349900,2402360206,6067,6865.8,3150.5,7344,28.4,37.7,43090 (17.8),42221 (20.0),38126 (20.4),37870 (17.8),37530 (18.1),40.0 (4231),40.0 (3147),40.0 (3740),40.0 (3284),40.0 (2501),349900 (100.0%) 2402.4Mb,349793 (100.0%) 2401.6Mb,337328 (96.4%) 2304.4Mb,306385 (87.6%) 2046.9Mb,269183 (76.9%) 1735.7Mb,43090,9,9
Me.F.3.L.B,G06,Memorial,Female,3,0,95.25,0.5x,8,longplex,longplex,0.6x AMPure PB,,2024,2,New,,1,1,4,4,8,PVC,shower drain,46150,G06,G6,35,R022bc2029.G06,dorm_sample,1503640,10187978992,5949,6775.5,3192.9,7274,28.6,38,42857 (18.6),42672 (18.9),41879 (19.2),41454 (16.9),41344 (19.2),40.0 (5926),40.0 (5490),40.0 (6256),40.0 (5592),40.0 (4558),1503640 (100.0%) 10188.0Mb,1503142 (100.0%) 10184.3Mb,1451753 (96.5%) 9785.4Mb,1322831 (88.0%) 8721.6Mb,1167701 (77.7%) 7437.0Mb,42857,22,19
Me.F.4.L.C,H06,Memorial,Female,4,0,45,0.5x,8,longplex,longplex,0.6x AMPure PB,,2024,2,New,,1,1,4,4,8,PVC,shower drain,46150,H06,H6,36,R022bc2029.H06,dorm_sample,743533,4942177694,5845,6646.9,3109.5,7108,28.6,38.1,45626 (18.6),44286 (20.0),43755 (20.1),42984 (19.6),41141 (19.5),40.0 (3814),40.0 (3439),40.0 (7272),40.0 (1228),40.0 (5118),743533 (100.0%) 4942.2Mb,743286 (100.0%) 4940.4Mb,717747 (96.5%) 4745.8Mb,654104 (88.0%) 4232.2Mb,578257 (77.8%) 3617.5Mb,45626,18,18
NR.F.1.H.A,E05,NoRo,Female,1,0,42,0.5x,8,longplex,longplex,0.6x AMPure PB,,2015,11,Old,,7,1,55,7.9,86.4,Copper,shower drain,46150,E05,E5,48,R022bc2029.E05,dorm_sample,161058,895437380,5082,5559.7,2114,5784,29,39.2,26309 (20.2),24541 (20.2),24478 (18.0),24470 (20.6),23715 (28.4),40.0 (5036),40.0 (4304),40.0 (4111),40.0 (4186),40.0 (5177),161058 (100.0%) 895.4Mb,161000 (100.0%) 895.1Mb,156092 (96.9%) 865.9Mb,143986 (89.4%) 790.9Mb,129803 (80.6%) 702.8Mb,26309,2,2
NR.F.2.H.B,F05,NoRo,Female,2,0,2.4,0.5x,8,longplex,longplex,0.6x AMPure PB,,2015,11,Old,,7,1,55,7.9,86.4,Copper,shower drain,46150,F05,F5,47,R022bc2029.F05,dorm_sample,663,2135091,2965,3220.3,2359.8,3753,29.1,40,25634 (19.3),17728 (24.6),16523 (24.3),15870 (24.7),15318 (28.0),40.0 (3918),40.0 (2101),40.0 (5269),40.0 (3622),40.0 (3781),663 (100.0%) 2.1Mb,662 (99.8%) 2.1Mb,640 (96.5%) 2.0Mb,593 (89.4%) 1.8Mb,556 (83.9%) 1.7Mb,25634,0,0
NR.F.3.H.C,G05,NoRo,Female,3,0,16.5,0.5x,8,longplex,longplex,0.6x AMPure PB,,2015,11,Old,,7,1,55,7.9,86.4,Copper,shower drain,46150,G05,G5,46,R022bc2029.G05,dorm_sample,82277,407707967,4595,4955.3,1739.4,5109,29.3,39.7,26314 (24.4),22991 (22.8),20847 (20.1),20319 (26.3),19986 (28.2),40.0 (4216),40.0 (3836),40.0 (3959),40.0 (3720),40.0 (3017),82277 (100.0%) 407.7Mb,82246 (100.0%) 407.6Mb,79730 (96.9%) 394.5Mb,74172 (90.1%) 364.7Mb,67575 (82.1%) 329.2Mb,26314,0,0
Pe.F.2.H.A,D07,Penland,Female,2,0,276,0.5x,8,longplex,longplex,0.6x AMPure PB,,2015,11,Old,,7,1,45,6.4,70.7,PVC,shower drain,46150,D07,D7,39,R022bc2029.D07,dorm_sample,128112,1009848739,6789,7882.5,4092.8,8681,28,37,46113 (17.3),43935 (19.0),43806 (20.8),42769 (21.2),42632 (19.7),40.0 (5261),40.0 (5890),40.0 (4958),40.0 (2487),40.0 (4628),128112 (100.0%) 1009.8Mb,128066 (100.0%) 1009.5Mb,123112 (96.1%) 960.9Mb,110369 (86.2%) 829.6Mb,95146 (74.3%) 676.6Mb,46113,3,3
Pe.F.3.H.B,E07,Penland,Female,3,0,163.5,0.5x,8,longplex,longplex,0.6x AMPure PB,,2015,11,Old,,7,1,45,6.4,70.7,PVC,shower drain,46150,E07,E7,38,R022bc2029.E07,dorm_sample,45705,349602814,6571,7649.1,3949.9,8526,27.9,36.6,37853 (16.5),37132 (19.1),36692 (20.6),34993 (17.8),34800 (21.7),40.0 (3431),40.0 (6705),40.0 (4237),40.0 (3027),40.0 (4226),45705 (100.0%) 349.6Mb,45694 (100.0%) 349.5Mb,43898 (96.0%) 332.5Mb,39118 (85.6%) 284.8Mb,33429 (73.1%) 228.7Mb,37853,1,1
Pe.F.4.H.C,F07,Penland,Female,4,0,14.1,0.5x,8,longplex,longplex,0.6x AMPure PB,,2015,11,Old,,7,1,34,4.9000000000000004,53.4,PVC,shower drain,46150,F07,F7,37,R022bc2029.F07,dorm_sample,122414,582597632,4422,4759.2,1651.6,4887,29.4,39.8,23245 (17.1),22060 (29.5),21569 (27.6),19345 (21.1),19325 (26.8),40.0 (4282),40.0 (3765),40.0 (3360),40.0 (3710),40.0 (5612),122414 (100.0%) 582.6Mb,122381 (100.0%) 582.4Mb,118794 (97.0%) 564.6Mb,110796 (90.5%) 523.4Mb,101349 (82.8%) 474.6Mb,23245,1,1
SR.F.1.H.A,B05,SoRo,Female,1,0,3.96,0.5x,8,longplex,longplex,0.6x AMPure PB,,2014,12,Old,,7,1,55,7.9,94.3,Copper,shower drain,46150,B05,B5,51,R022bc2029.B05,dorm_sample,665,2227475,3006,3349.6,2718.4,3994,28.9,40,26779 (22.7),26693 (19.9),18510 (23.9),15637 (15.9),14124 (37.5),40.0 (4489),40.0 (2283),40.0 (5017),40.0 (4144),40.0 (3900),665 (100.0%) 2.2Mb,665 (100.0%) 2.2Mb,643 (96.7%) 2.1Mb,593 (89.2%) 1.9Mb,530 (79.7%) 1.7Mb,26779,0,0
SR.F.2.H.B,C05,SoRo,Female,2,0,67.5,0.5x,8,longplex,longplex,0.6x AMPure PB,,2014,12,Old,,7,1,55,7.9,94.3,Copper,shower drain,46150,C05,C5,50,R022bc2029.C05,dorm_sample,100909,722648892,6285,7161.4,3419.7,7773,28.4,37.6,43361 (17.5),38594 (20.1),37309 (21.5),36767 (21.1),36641 (24.3),40.0 (4881),40.0 (3464),40.0 (4187),40.0 (5392),40.0 (3802),100909 (100.0%) 722.6Mb,100868 (100.0%) 722.3Mb,97333 (96.5%) 693.0Mb,88290 (87.5%) 613.6Mb,77429 (76.7%) 516.7Mb,43361,1,1
SR.F.3.H.C,D05,SoRo,Female,3,0,55.5,0.5x,8,longplex,longplex,0.6x AMPure PB,,2014,12,Old,,7,1,55,7.9,94.3,Copper,shower drain,46150,D05,D5,49,R022bc2029.D05,dorm_sample,166765,1036375533,5582,6214.6,2620.3,6569,28.8,38.7,31994 (18.3),31095 (19.7),28407 (20.7),28270 (19.9),28099 (26.4),40.0 (4635),40.0 (4592),40.0 (4225),40.0 (5010),40.0 (5773),166765 (100.0%) 1036.4Mb,166710 (100.0%) 1036.0Mb,161326 (96.7%) 999.3Mb,147806 (88.6%) 902.6Mb,131779 (79.0%) 785.7Mb,31994,1,1
Te.F.1.H.A,A04,Teal,Female,2,0,72,0.5x,8,longplex,longplex,0.6x AMPure PB,,2011,15,Old,,4,1,8,2,30,PVC,shower drain,46149,A04,A4,2,R022bc2029.A04,dorm_sample,615,4786308,6372,7782.6,4542.9,8746,27.9,36.4,30252 (20.1),27728 (20.3),26624 (24.0),26348 (23.2),26231 (26.8),40.0 (4652),40.0 (4574),40.0 (4886),40.0 (3148),40.0 (3008),615 (100.0%) 4.8Mb,615 (100.0%) 4.8Mb,593 (96.4%) 4.6Mb,528 (85.9%) 3.8Mb,447 (72.7%) 3.0Mb,30252,0,0
Te.F.1.H.B,B04,Teal,Female,2,0,19.5,0.5x,8,longplex,longplex,0.6x AMPure PB,,2011,15,Old,,4,1,8,2,30,PVC,shower drain,46149,B04,B4,3,R022bc2029.B04,dorm_sample,27020,151193071,5101,5595.6,2175.3,5834,28.8,39,26645 (20.5),24473 (26.4),22045 (26.1),20992 (24.9),20808 (25.7),40.0 (5656),40.0 (4193),40.0 (4494),40.0 (5728),40.0 (4998),27020 (100.0%) 151.2Mb,27009 (100.0%) 151.1Mb,26128 (96.7%) 145.8Mb,24011 (88.9%) 132.7Mb,21511 (79.6%) 116.8Mb,26645,0,0
Te.F.1.H.C,C04,Teal,Female,2,0,40.5,0.5x,8,longplex,longplex,0.6x AMPure PB,,2011,15,Old,,4,1,8,2,30,PVC,shower drain,46149,C04,C4,10,R022bc2029.C04,dorm_sample,208497,1245096144,5378,5971.8,2485.2,6271,28.9,38.9,32510 (21.5),30619 (21.3),30527 (22.3),29801 (21.2),29605 (24.3),40.0 (3576),40.0 (6234),40.0 (1640),40.0 (3428),40.0 (5253),208497 (100.0%) 1245.1Mb,208421 (100.0%) 1244.6Mb,201640 (96.7%) 1200.0Mb,185440 (88.9%) 1089.3Mb,165997 (79.6%) 954.1Mb,32510,4,4
Te.F.1.L.A,A03,Teal,Female,2,0,18,0.5x,8,longplex,longplex,0.6x AMPure PB,,2011,15,Old,,1,1,4,4,60,PVC,shower drain,46149,A03,A3,1,R022bc2029.A03,dorm_sample,235355,1230626406,4813,5228.8,1909.5,5418,29.2,39.4,25675 (19.3),25520 (24.9),25302 (27.9),24887 (22.5),23086 (19.9),40.0 (3056),40.0 (4129),40.0 (4023),40.0 (4277),40.0 (5483),235355 (100.0%) 1230.6Mb,235263 (100.0%) 1230.1Mb,228187 (97.0%) 1190.5Mb,211520 (89.9%) 1094.7Mb,191995 (81.6%) 982.0Mb,25675,4,4
Te.F.2.H.A,D04,Teal,Female,3,0,60,0.5x,8,longplex,longplex,0.6x AMPure PB,,2011,15,Old,,4,1,8,2,30,PVC,shower drain,46149,D04,D4,5,R022bc2029.D04,dorm_sample,3175,23376198,6408,7362.6,3602,8001,28.4,37.1,31052 (21.9),28811 (21.1),27381 (24.1),27220 (22.8),26118 (23.2),40.0 (4158),40.0 (7028),40.0 (6609),40.0 (3774),40.0 (3476),3175 (100.0%) 23.4Mb,3174 (100.0%) 23.4Mb,3073 (96.8%) 22.5Mb,2778 (87.5%) 19.8Mb,2396 (75.5%) 16.2Mb,31052,0,0
Te.F.2.H.B,E04,Teal,Female,3,0,18,0.5x,8,longplex,longplex,0.6x AMPure PB,,2011,15,Old,,4,1,8,2,30,PVC,shower drain,46149,E04,E4,6,R022bc2029.E04,dorm_sample,9061,42557416,4406,4696.8,1651.9,4852,29.5,39.8,18234 (33.7),16727 (27.1),15777 (21.2),15116 (30.0),14547 (24.3),40.0 (4006),40.0 (618),40.0 (5482),40.0 (2624),40.0 (3612),9061 (100.0%) 42.6Mb,9059 (100.0%) 42.5Mb,8806 (97.2%) 41.3Mb,8202 (90.5%) 38.1Mb,7430 (82.0%) 34.3Mb,18234,0,0
Te.F.2.H.C,F04,Teal,Female,3,0,63.75,0.5x,8,longplex,longplex,0.6x AMPure PB,,2011,15,Old,,4,1,8,2,30,PVC,shower drain,46149,F04,F4,8,R022bc2029.F04,dorm_sample,4380,38240959,7490.5,8730.8,4610.5,9987,27.7,35.9,40192 (20.8),32729 (20.0),31320 (21.6),31270 (23.0),30680 (23.4),40.0 (1491),40.0 (4541),40.0 (5650),40.0 (6643),40.0 (5205),4380 (100.0%) 38.2Mb,4379 (100.0%) 38.2Mb,4209 (96.1%) 36.4Mb,3738 (85.3%) 30.9Mb,3174 (72.5%) 24.5Mb,40192,0,0
Te.F.2.L.A,B03,Teal,Female,3,0,68.25,0.5x,8,longplex,longplex,0.6x AMPure PB,,2011,15,Old,Recent,1,1,4,4,60,PVC,shower drain,46149,B03,B3,4,R022bc2029.B03,dorm_sample,362966,2620721067,6302,7220.3,3517.9,7833,28.3,37.6,43890 (20.8),43079 (19.5),42998 (16.8),42101 (19.6),40679 (21.6),40.0 (4913),40.0 (4394),40.0 (6095),40.0 (4240),40.0 (5929),362966 (100.0%) 2620.7Mb,362846 (100.0%) 2619.9Mb,349880 (96.4%) 2510.0Mb,316706 (87.3%) 2211.0Mb,276894 (76.3%) 1854.2Mb,43890,8,8
Te.F.2.L.B,C03,Teal,Female,3,0,27.75,0.5x,8,longplex,longplex,0.6x AMPure PB,,2011,15,Old,,1,1,4,4,60,PVC,shower drain,46149,C03,C3,7,R022bc2029.C03,dorm_sample,232928,1196917202,4710,5138.6,1936.1,5306,29.2,39.5,28135 (22.7),28071 (23.2),27338 (24.6),25377 (24.3),24637 (22.2),40.0 (4363),40.0 (5358),40.0 (2791),40.0 (2681),40.0 (5267),232928 (100.0%) 1196.9Mb,232833 (100.0%) 1196.4Mb,225882 (97.0%) 1158.3Mb,209353 (89.9%) 1064.7Mb,190169 (81.6%) 955.5Mb,28135,1,1
Te.F.2.L.C,D03,Teal,Female,3,0,135.75,0.5x,8,longplex,longplex,0.6x AMPure PB,,2011,15,Old,Recent,1,1,4,4,60,PVC,shower drain,46149,D03,D3,9,R022bc2029.D03,dorm_sample,451,3824390,7395,8479.8,4611.9,9657,28,35.4,32114 (22.3),30915 (21.1),30416 (24.5),28856 (27.0),25572 (20.7),40.0 (6929),40.0 (4662),40.0 (5803),40.0 (4977),40.0 (3127),451 (100.0%) 3.8Mb,451 (100.0%) 3.8Mb,437 (96.9%) 3.7Mb,385 (85.4%) 3.1Mb,320 (71.0%) 2.4Mb,32114,0,0
Te.F.3.H.A,G04,Teal,Female,4,0,10.2,0.5x,8,longplex,longplex,0.6x AMPure PB,,2011,15,Old,,4,1,8,2,30,PVC,shower drain,46149,G04,G4,11,R022bc2029.G04,dorm_sample,26853,137611898,4734,5124.6,1867.9,5287,29.2,39.5,28325 (18.1),27793 (18.9),22984 (25.6),22883 (24.0),20179 (31.0),40.0 (3117),40.0 (3605),40.0 (5040),40.0 (3878),40.0 (3864),26853 (100.0%) 137.6Mb,26845 (100.0%) 137.6Mb,26041 (97.0%) 133.1Mb,24099 (89.7%) 122.1Mb,21780 (81.1%) 109.1Mb,28325,0,0
Te.F.3.H.B,H04,Teal,Female,4,0,18.75,0.5x,8,longplex,longplex,0.6x AMPure PB,,2011,15,Old,,4,1,8,2,30,PVC,shower drain,46149,H04,H4,14,R022bc2029.H04,dorm_sample,11517,79024872,6080,6861.6,3166.4,7342,28.5,37.9,32183 (24.5),31551 (21.2),30359 (22.4),29442 (20.9),27981 (21.7),40.0 (5713),40.0 (3587),40.0 (2363),40.0 (4313),40.0 (4862),11517 (100.0%) 79.0Mb,11513 (100.0%) 79.0Mb,11131 (96.6%) 76.0Mb,10111 (87.8%) 67.4Mb,8858 (76.9%) 57.0Mb,32183,0,0
Te.F.3.H.C,A05,Teal,Female,4,0,33,0.5x,8,longplex,longplex,0.6x AMPure PB,,2011,15,Old,,4,1,8,2,30,PVC,shower drain,46149,A05,A5,15,R022bc2029.A05,dorm_sample,54083,419994907,6789,7765.7,3859.5,8539,28.1,37.2,39852 (21.1),38511 (20.2),37605 (21.5),36033 (19.8),34975 (19.4),40.0 (4078),40.0 (4175),40.0 (6208),40.0 (4686),40.0 (4075),54083 (100.0%) 420.0Mb,54058 (100.0%) 419.8Mb,52081 (96.3%) 401.7Mb,46739 (86.4%) 348.9Mb,40421 (74.7%) 287.7Mb,39852,1,1
Te.F.3.L.A,E03,Teal,Female,4,0,102.75,0.5x,8,longplex,longplex,0.6x AMPure PB,,2011,15,Old,,1,1,4,4,60,PVC,shower drain,46149,E03,E3,12,R022bc2029.E03,dorm_sample,9794,81437391,7098,8315,4436.2,9295,28,36.6,38641 (20.6),38477 (21.0),37913 (22.3),37512 (22.9),35733 (22.1),40.0 (4431),40.0 (4427),40.0 (4381),40.0 (5249),40.0 (4599),9794 (100.0%) 81.4Mb,9791 (100.0%) 81.4Mb,9407 (96.0%) 77.4Mb,8395 (85.7%) 66.2Mb,7158 (73.1%) 53.0Mb,38641,0,0
Te.F.3.L.B,F03,Teal,Female,4,0,9,0.5x,8,longplex,longplex,0.6x AMPure PB,,2011,15,Old,,1,1,4,4,60,PVC,shower drain,46149,F03,F3,13,R022bc2029.F03,dorm_sample,115019,758161108,5842,6591.6,2981.2,7012,28.6,38.2,32196 (22.1),32019 (19.6),31526 (23.4),31262 (24.0),31223 (19.4),40.0 (7095),40.0 (5616),40.0 (4476),40.0 (4508),40.0 (4585),115019 (100.0%) 758.2Mb,114969 (100.0%) 757.8Mb,110999 (96.5%) 728.3Mb,101255 (88.0%) 650.8Mb,89630 (77.9%) 558.5Mb,32196,1,1
Te.M.1.L.A,H02,Teal,Male,1,0,90,0.5x,8,longplex,longplex,0.6x AMPure PB,,2011,15,Old,,1,1,1,1,15,PVC,shower drain,46149,H02,H2,16,R022bc2029.H02,dorm_sample,1806608,13893510736,6689,7690.4,3840.3,8443,28,37,48386 (18.1),47160 (16.7),46523 (19.5),46191 (18.5),45322 (21.9),40.0 (2459),40.0 (3207),40.0 (1041),40.0 (4063),40.0 (5458),1806608 (100.0%) 13893.5Mb,1805957 (100.0%) 13888.0Mb,1737031 (96.1%) 13249.0Mb,1556531 (86.2%) 11463.1Mb,1342211 (74.3%) 9378.9Mb,48386,33,27
Te.M.2.H.A,G03,Teal,Male,2,0,48,0.5x,8,longplex,longplex,0.6x AMPure PB,,2011,15,Old,,5,1,10,2,30,PVC,shower drain,46149,G03,G3,17,R022bc2029.G03,dorm_sample,848016,5515796199,5817,6504.4,2818.2,6909,28.6,38.3,38884 (17.1),36807 (18.7),34343 (17.3),34257 (16.3),33895 (25.1),40.0 (4826),40.0 (3778),40.0 (4326),40.0 (6171),40.0 (2628),848016 (100.0%) 5515.8Mb,847749 (100.0%) 5513.9Mb,818866 (96.6%) 5303.9Mb,747477 (88.1%) 4756.9Mb,661645 (78.0%) 4091.5Mb,38884,13,13
Te.M.2.H.B,H03,Teal,Male,2,0,156,0.5x,8,longplex,longplex,0.6x AMPure PB,,2011,15,Old,,5,1,10,2,30,PVC,shower drain,46149,H03,H3,18,R022bc2029.H03,dorm_sample,136820,1169583441,7393.5,8548.3,4436.9,9591,27.6,36.1,46420 (18.7),44928 (21.7),43995 (20.1),42449 (18.1),41882 (18.5),40.0 (4195),40.0 (3486),40.0 (4951),40.0 (3441),40.0 (5731),136820 (100.0%) 1169.6Mb,136766 (100.0%) 1169.1Mb,131071 (95.8%) 1107.7Mb,115716 (84.6%) 932.5Mb,97633 (71.4%) 735.6Mb,46420,5,5