level_0	d__Bacteria|p__Bacillota|c__Bacilli|o__Lactobacillales|f__Enterococcaceae|g__Enterococcus_B|s__Enterococcus_B lactis|t__GCF_015751045.1	d__Bacteria|p__Bacillota|c__Bacilli|o__Staphylococcales|f__Staphylococcaceae|g__Staphylococcus|s__Staphylococcus aureus|t__GCF_001027105.1	d__Bacteria|p__Pseudomonadota|c__Gammaproteobacteria|o__Enterobacterales|f__Enterobacteriaceae|g__Klebsiella|s__Klebsiella pneumoniae|t__GCF_000742135.1	d__Bacteria|p__Pseudomonadota|c__Gammaproteobacteria|o__Pseudomonadales|f__Moraxellaceae|g__Acinetobacter|s__Acinetobacter baumannii|t__GCF_009759685.1	d__Bacteria|p__Pseudomonadota|c__Gammaproteobacteria|o__Pseudomonadales|f__Pseudomonadaceae|g__Pseudomonas|s__Pseudomonas aeruginosa|t__GCF_001457615.1	qiagen_cleanup	dna_input_ng	name_short_3	lib_prep_long	mastermix_simple	shearing	name_short	description	pcr_cycles	name_short_2	longplex_rxn	library_prep_type	lp_wellid	name_short_4	sample	mastermix	nanoplot_raw_gb
236324.16556.m21120.260113.214725.hifi.reads.bc2009	32.9027	1.2919	14.1822	38.5756	13.0476	FALSE	1000	control (gtube) 1000 ng	gtube	NaN	gtube	esk_1000ng_gtube	m21120_260113_214725.hifi_reads.bc2009.bam	0	ESK_1000ng_gtube_PCRfree	PCR-free	PCRfree		control (gtube) 1000 ng	m21120_260113_214725.hifi_reads.bc2009	control	7.12802553
236324.16556.m21120.260115.173545.hifi.reads.bc2009.bam	32.2969	1.2813	14.625	37.7812	14.0156	TRUE	1000	control (gtube) 1000 ng (Q)	gtube	NaN	gtube	esk_1000ng_gtube	m21120_260115_173545.hifi_reads.bc2009	0	ESK_1000ng_gtube_PCRfree	PCR-free	PCRfree		control (gtube) 1000 ng (Q)	m21120_260115_173545.hifi_reads.bc2009.bam	control	0.84324517
236324.16556.R004bc2008.C09	30.3855	0.8853	13.7458	38.3436	16.6397	FALSE	300	Takara PrimeSTAR LongSeq 1x 300 ng	longplex_1x_Takara PrimeSTAR LongSeq	Pstar	longplex	esk_300ng_Pstar_8cyc	R004bc2008.C09	8	ESK_300ng_1x_longplex_Pstar_8cyc	1x	longplex_PCR	C09	T.LongSeq 1x 300 ng	R004bc2008.C09	Takara PrimeSTAR LongSeq	2.60530233
236324.16556.R004bc2008.C10	25.1701	0.9977	16.7801	35.2381	21.8141	FALSE	300	Kura Decodifi 1x 300 ng	longplex_1x_Kura Decodifi	decodifi	longplex	esk_300ng_decodifi_8cyc	R004bc2008.C10	8	ESK_300ng_1x_longplex_decodifi_8cyc	1x	longplex_PCR	C10	K.Decodifi 1x 300 ng	R004bc2008.C10	Kura Decodifi	3.42221666
236324.16556.R004bc2008.D09	30.3646	1.1204	14.0144	37.3718	17.1287	FALSE	150	Takara PrimeSTAR LongSeq 1x 150 ng	longplex_1x_Takara PrimeSTAR LongSeq	Pstar	longplex	esk_150ng_Pstar_8cyc	R004bc2008.D09	8	ESK_150ng_1x_longplex_Pstar_8cyc	1x	longplex_PCR	D09	T.LongSeq 1x 150 ng	R004bc2008.D09	Takara PrimeSTAR LongSeq	2.23268005
236324.16556.R004bc2008.D10	27.6644	0.9436	16.0632	35.696	19.6328	FALSE	150	Kura Decodifi 1x 150 ng	longplex_1x_Kura Decodifi	decodifi	longplex	esk_150ng_decodifi_8cyc	R004bc2008.D10	8	ESK_150ng_1x_longplex_decodifi_8cyc	1x	longplex_PCR	D10	K.Decodifi 1x 150 ng	R004bc2008.D10	Kura Decodifi	2.32064783
236324.16556.R004bc2008.G09	31.3743	1.08	15.2849	41.028	11.2327	FALSE	300	NEB Q5 XT 1x 300 ng	longplex_1x_NEB Q5 XT	Q5XT	longplex	esk_300ng_Q5XT_8cyc	R004bc2008.G09	8	ESK_300ng_1x_longplex_Q5XT_8cyc	1x	longplex_PCR	G09	N.Q5XT 1x 300 ng	R004bc2008.G09	NEB Q5 XT	2.9622764
236324.16556.R004bc2008.H09	29.6711	1.0964	15.6597	39.5614	14.0113	FALSE	150	NEB Q5 XT 1x 150 ng	longplex_1x_NEB Q5 XT	Q5XT	longplex	esk_150ng_Q5XT_8cyc	R004bc2008.H09	8	ESK_150ng_1x_longplex_Q5XT_8cyc	1x	longplex_PCR	H09	N.Q5XT 1x 150 ng	R004bc2008.H09	NEB Q5 XT	3.00913847
236324.16556.R005bc2008.C09	29.7956	0.9497	14.4952	37.8485	16.911	TRUE	300	Takara PrimeSTAR LongSeq 1x 300 ng (Q)	longplex_1x_Takara PrimeSTAR LongSeq	Pstar	longplex	esk_300ng_Pstar_8cyc	R005bc2008.C09	8	ESK_300ng_1x_longplex_Pstar_8cyc	1x	longplex_PCR	C09	T.LongSeq 1x 300 ng (Q)	R005bc2008.C09	Takara PrimeSTAR LongSeq	0.98316785
236324.16556.R005bc2008.C10	23.585	0.9432	17.9246	33.0189	24.5284	TRUE	300	Kura Decodifi 1x 300 ng (Q)	longplex_1x_Kura Decodifi	decodifi	longplex	esk_300ng_decodifi_8cyc	R005bc2008.C10	8	ESK_300ng_1x_longplex_decodifi_8cyc	1x	longplex_PCR	C10	K.Decodifi 1x 300 ng (Q)	R005bc2008.C10	Kura Decodifi	1.37123682
236324.16556.R005bc2008.D09	29.8026	0.9502	14.9013	36.815	17.5309	TRUE	150	Takara PrimeSTAR LongSeq 1x 150 ng (Q)	longplex_1x_Takara PrimeSTAR LongSeq	Pstar	longplex	esk_150ng_Pstar_8cyc	R005bc2008.D09	8	ESK_150ng_1x_longplex_Pstar_8cyc	1x	longplex_PCR	D09	T.LongSeq 1x 150 ng (Q)	R005bc2008.D09	Takara PrimeSTAR LongSeq	0.88008332
236324.16556.R005bc2008.D10	26.4747	0.9651	16.6692	34.319	21.572	TRUE	150	Kura Decodifi 1x 150 ng (Q)	longplex_1x_Kura Decodifi	decodifi	longplex	esk_150ng_decodifi_8cyc	R005bc2008.D10	8	ESK_150ng_1x_longplex_decodifi_8cyc	1x	longplex_PCR	D10	K.Decodifi 1x 150 ng (Q)	R005bc2008.D10	Kura Decodifi	0.97945932
236324.16556.R005bc2008.G09	30.4274	1.1309	16.1086	39.3767	12.9563	TRUE	300	NEB Q5 XT 1x 300 ng (Q)	longplex_1x_NEB Q5 XT	Q5XT	longplex	esk_300ng_Q5XT_8cyc	R005bc2008.G09	8	ESK_300ng_1x_longplex_Q5XT_8cyc	1x	longplex_PCR	G09	N.Q5XT 1x 300 ng (Q)	R005bc2008.G09	NEB Q5 XT	1.19930218
236324.16556.R005bc2008.H09	28.4089	1.0272	16.4955	38.4894	15.5791	TRUE	150	NEB Q5 XT 1x 150 ng (Q)	longplex_1x_NEB Q5 XT	Q5XT	longplex	esk_150ng_Q5XT_8cyc	R005bc2008.H09	8	ESK_150ng_1x_longplex_Q5XT_8cyc	1x	longplex_PCR	H09	N.Q5XT 1x 150 ng (Q)	R005bc2008.H09	NEB Q5 XT	1.23011736
236324.16556.R006bc2010.E02	25.4578	0.2903	21.2148	23.3363	29.7008	FALSE	150	Kura Decodifi 0.5x 150 ng	longplex_0.5x_Kura Decodifi	decodifi	longplex	esk_150ng_decodifi_8cyc	R006bc2010.E02	8	ESK_150ng_0.5x_longplex_decodifi_8cyc	0.5x	longplex_PCR	E02	K.Decodifi 0.5x 150 ng	R006bc2010.E02	Kura Decodifi	1.44140176
236324.16556.R006bc2010.E04	34.1466	0.4871	20.488	30.2441	14.6343	FALSE	150	NEB Q5 XT 0.5x 150 ng	longplex_0.5x_NEB Q5 XT	Q5XT	longplex	esk_150ng_Q5XT_8cyc	R006bc2010.E04	8	ESK_150ng_0.5x_longplex_Q5XT_8cyc	0.5x	longplex_PCR	E04	N.Q5XT 0.5x 150 ng	R006bc2010.E04	NEB Q5 XT	1.16998046
236324.16556.R006bc2010.F02	27.5718	0.3175	20.1486	25.4509	26.5113	FALSE	75	Kura Decodifi 0.5x 75 ng	longplex_0.5x_Kura Decodifi	decodifi	longplex	esk_75ng_decodifi_8cyc	R006bc2010.F02	8	ESK_75ng_0.5x_longplex_decodifi_8cyc	0.5x	longplex_PCR	F02	K.Decodifi 0.5x 075 ng	R006bc2010.F02	Kura Decodifi	2.05680896
236324.16556.R006bc2010.F04	34.5375	0.3346	19.7357	30.5904	14.8018	FALSE	75	NEB Q5 XT 0.5x 75 ng	longplex_0.5x_NEB Q5 XT	Q5XT	longplex	esk_75ng_Q5XT_8cyc	R006bc2010.F04	8	ESK_75ng_0.5x_longplex_Q5XT_8cyc	0.5x	longplex_PCR	F04	N.Q5XT 0.5x 075 ng	R006bc2010.F04	NEB Q5 XT	1.66443961
236324.16556.R006bc2010.G02	28.4771	0.33	21.9055	25.1913	24.096	FALSE	30	Kura Decodifi 0.25x 30 ng	longplex_0.25x_Kura Decodifi	decodifi	longplex	esk_30ng_decodifi_8cyc	R006bc2010.G02	8	ESK_30ng_0.25x_longplex_decodifi_8cyc	0.25x	longplex_PCR	G02	K.Decodifi 0.25x 30 ng	R006bc2010.G02	Kura Decodifi	1.05467093
236324.16556.R006bc2010.G04	32.8543	0.4105	20.5339	29.7742	16.4271	FALSE	30	NEB Q5 XT 0.25x 30 ng	longplex_0.25x_NEB Q5 XT	Q5XT	longplex	esk_30ng_Q5XT_8cyc	R006bc2010.G04	8	ESK_30ng_0.25x_longplex_Q5XT_8cyc	0.25x	longplex_PCR	G04	N.Q5XT 0.25x 30 ng	R006bc2010.G04	NEB Q5 XT	1.2055671
236324.16556.R006bc2010.G06	34.1209	0.331	17.9584	28.7334	18.8563	FALSE	30	Takara PrimeSTAR LongSeq 0.25x 30 ng	longplex_0.25x_Takara PrimeSTAR LongSeq	Pstar	longplex	esk_30ng_Pstar_8cyc	R006bc2010.G06	8	ESK_30ng_0.25x_longplex_Pstar_8cyc	0.25x	longplex_PCR	G06	T.LongSeq 0.25x 30 ng	R006bc2010.G06	Takara PrimeSTAR LongSeq	1.69014474
236324.16556.R006bc2010.H02	30.3042	0.2486	21.4655	23.9908	23.9908	FALSE	15	Kura Decodifi 0.25x 15 ng	longplex_0.25x_Kura Decodifi	decodifi	longplex	esk_15ng_decodifi_8cyc	R006bc2010.H02	8	ESK_15ng_0.25x_longplex_decodifi_8cyc	0.25x	longplex_PCR	H02	K.Decodifi 0.25x 15 ng	R006bc2010.H02	Kura Decodifi	0.79286487
236324.16556.R006bc2010.H04	37.0011	0.3403	20.9673	27.1341	14.5572	FALSE	15	NEB Q5 XT 0.25x 15 ng	longplex_0.25x_NEB Q5 XT	Q5XT	longplex	esk_15ng_Q5XT_8cyc	R006bc2010.H04	8	ESK_15ng_0.25x_longplex_Q5XT_8cyc	0.25x	longplex_PCR	H04	N.Q5XT 0.25x 15 ng	R006bc2010.H04	NEB Q5 XT	0.99503513